id,Indicativo,HoraDespegue,RutaSACTA,TipoAeronave,Estela,ProcDesp,PistaDesp
458,ENT72LG,02/05/2023 02:27:34,DR06RB F01BL BL700 BL701 BL702 BL703 BL704 BL705 SALON AGENA MAROT LUMAS **,B38M,Media,AGENA4R,LEBL-06R
459,RYR4MK,02/05/2023 03:56:27,DR06RB F01BL BL700 BL701 BL702 BL703 BL704 BL705 SALON AGENA MAROT LUMAS **,B738,Media,AGENA4R,LEBL-06R
460,VLG2PF,02/05/2023 04:08:59,DR06RB F01BL BL700 BL701 BL702 BL703 BL704 BL705 SALON AGENA MAROT LUMAS **,A320,Media,AGENA4R,LEBL-06R
461,TAP39ZL,02/05/2023 04:10:20,DR06RB F01BL BL700 BL720 TASOS BL721 F07BL SENIA DORMI CRETA NEXAS DISVU ADUXO ELROT CJN PALIO AKOKI GOTOR TLD NATPA MELON CCS **,A21N,Media,SENIA5R,LEBL-06R
462,RYR2ZW,02/05/2023 04:12:20,DR06RB F01BL BL700 BL701 BL702 BL703 BL704 BL705 SALON AGENA MAROT LUMAS **,B738,Media,AGENA4R,LEBL-06R
463,RYR1WV,02/05/2023 04:15:56,DR06RB F01BL BL700 BL701 BL702 BL703 BL704 BL705 SALON AGENA MAROT LUMAS **,B738,Media,AGENA4R,LEBL-06R
464,SWR1951,02/05/2023 04:17:41,DR06RB F01BL BL700 BL701 BL702 BL703 BL704 FEVIK DALIN DCT PIVUS DCT DIBER **,A321,Media,DALIN4R,LEBL-06R
465,RYR3CD,02/05/2023 04:19:11,DR06RB F01BL BL700 BL701 BL702 BL703 BL704 BL705 SALON AGENA MAROT LUMAS **,B738,Media,AGENA4R,LEBL-06R
466,VLG497G,02/05/2023 04:26:23,DR06RB F01BL BL700 BL707 BL708 BL713 BL714 F37BL LOBAR DIRMU VAKIN ELSAP YAKXU VASUM DGO RATAS NEDUS NUBLO SUSOS DCT LOMDA PIVON VX10N VX06N TH19VX,A320,Media,LOBAR4R,LEBL-06R
467,UPS242,02/05/2023 04:27:33,DCT DR06RB DCT F01BL DCT BL700 012(BL720) 008(TASOS) 015(BL721) 004(F31BL) 4046N00138E DCT LOTOS TORDU DIKUT SOPET VL003 MULAT VC08E VC05E TH30VC,B763,Pesada,-,LEBL-06R
468,RYR88BP,02/05/2023 04:29:34,DCT DR06RB DCT F01BL DCT BL700 007(BL707) 014(BL709) 011(BL710) 4147N00150E 007(BL711) 004(BL712) NATPI **,B738,Media,-,LEBL-06R
469,RYR16RE,02/05/2023 04:34:04,DCT DR06RB DCT F01BL DCT BL700 DCT 4119N00231E 000(BL701) 005(BL702) 005(BL703) 005(BL704) 007(BL705) 008(SALON) AGENA MAROT LUMAS **,B738,Media,-,LEBL-06R
470,RYR55NX,02/05/2023 04:35:35,DCT DR06RB DCT F01BL DCT BL700 DCT 4115N00224E 004(BL701) 004(BL702) 004(BL703) 004(BL704) 006(BL705) 009(BL706) DIPES TOSNU LAPIT OSPOK **,B738,Media,-,LEBL-06R
471,VLG1896,02/05/2023 04:40:46,DR06RB F01BL BL700 BL701 BL702 BL703 BL704 FEVIK DALIN PIVUS DIBER **,A320,Media,DALIN4R,LEBL-06R
472,VLG7YT,02/05/2023 04:42:16,DCT DR06RB DCT F01BL DCT BL700 DCT 4111N00220E 008(BL720) 009(TASOS) 017(LARPA) TOLSO LISAS F33PA POS BAVUM OBUMU FA24LP TH24LP,A320,Media,-,LEBL-06R
473,RYR374J,02/05/2023 04:43:36,DCT DR06RB DCT F01BL DCT BL700 DCT BL707 DCT 4137N00210E 000(BL709) 011(BL710) 010(BL711) OLOXO **,B738,Media,-,LEBL-06R
474,RYR16PK,02/05/2023 04:44:57,DCT DR06RB DCT F01BL DCT BL700 DCT 4110N00212E 004(BL720) 008(TASOS) 015(BL721) 003(F31BL) LOTOS TORDU DIKUT SOPET VLC SERRA ASTRO POBOS XEBAR YES MAMIS BAZAS VIBAS MGA BRIKE VJF TAVSI RUNAX **,B738,Media,-,LEBL-06R
475,AFR35CC,02/05/2023 04:46:22,DCT DR06RB DCT F01BL DCT BL700 DCT 4123N00217E 001(BL707) 013(BL709) 011(BL710) 010(BL711) OLOXO **,A321,Media,-,LEBL-06R
476,VLG8SH,02/05/2023 04:47:37,DCT DR06RB DCT F01BL DCT BL700 DCT 4118N00226E 004(BL701) 005(BL702) 005(BL703) 005(BL704) 007(BL705) 008(SALON) AGENA MAROT LUMAS **,A320,Media,-,LEBL-06R
477,RYR1UZ,02/05/2023 04:49:08,DR06RB F01BL BL700 BL707 BL709 BL710 BL711 OLOXO **,B738,Media,OLOXO1R,LEBL-06R
478,EJU15WP,02/05/2023 04:50:28,DR06RB F01BL BL700 BL701 BL702 BL703 BL704 FEVIK DALIN PIVUS DIBER **,A319,Media,DALIN4R,LEBL-06R
479,VLG1292,02/05/2023 04:52:09,DR06RB F01BL BL700 BL707 BL708 BL713 BL714 F37BL LOBAR DIRMU VAKIN ELSAP YAKXU VASUM DGO RATAS NEDUS NUBLO SUSOS ROVAK LARVO BISMU LOMDA GALZO LRA 07LRA ENONU IF21CO FA21CO TH21CO,A320,Media,LOBAR4R,LEBL-06R
480,RYR7UG,02/05/2023 04:54:25,SC06RB F01BL BL700 BL701 BL702 BL703 BL704 FEVIK DALIN PIVUS DIBER **,B738,Media,LEBL1E,LEBL-06R
481,VLG2JT,02/05/2023 04:57:45,DR06RB F01BL BL700 BL707 BL709 BL710 BL711 BL712 F36BL GRAUS POSSY MARIO SURCO XOMBO RONNY RONKO GOSVI TURPU PPN DITOP SSN YESYO SO500 SO10E SO06E TH22SO,A319,Media,GRAUS3R,LEBL-06R
482,VLG164B,02/05/2023 05:02:12,DR24LB F34BL PERAL BL801 BL802 BL803 DUQQI BL815 BL816 OLOXO **,A321,Media,OLOXO1Q,LEBL-24L
483,VLG80UC,02/05/2023 05:05:18,DCT DR24LB DCT F34BL DCT BL800 DCT NITBA DCT BL804 DCT BL807 021(BL808) 4040N00113E 015(LOTOS) 025(TORDU) 021(DIKUT) 014(SOPET) 029(VLC) 021(SERRA) ASTRO DCT POBOS DCT XEBAR DCT YES DCT MAMIS DCT BAZAS DCT VIBAS DCT MGA DCT PIMOS GALTO **,A321,Media,-,LEBL-24L
484,VLG9BM,02/05/2023 05:07:18,DR24LB F34BL BL800 NITBA BL809 BL810 DUNES SARGO 15MHN6 TETIS F06MH BALIO IF01MH FA01MH TH01MH,A321,Media,DUNES5Q,LEBL-24L
485,VLG2RQ,02/05/2023 05:08:34,DR24LB F34BL BL800 BL805 BL811 BL827 AGENA MAROT LUMAS **,A320,Media,AGENA5Q,LEBL-24L
486,VLG3FM,02/05/2023 05:09:34,DR24LB F34BL BL800 NITBA BL804 BL807 BL808 LOTOS TORDU DIKUT SOPET VLC SERRA ASTRO POBOS XEBAR YES MAMIS BAZAS VIBAS GDA TOLSU MAR NEPUR IF13MG FA13MG TH13MG,A321,Media,LOTOS5Q,LEBL-24L
487,VLG6246,02/05/2023 05:10:39,DR24LB F34BL BL800 BL805 BL812 DALIN DCT PIVUS DCT DIBER **,A20N,Media,DALIN4Q,LEBL-24L
488,VLG89WB,02/05/2023 05:11:55,DR24LB F34BL PERAL BL801 BL802 BL803 DUQQI VLA BL814 LRD GRAUS POSSY MARIO SURCO XOMBO RONNY RONKO GOSVI TURPU PPN MALOB CEGAM BLV 13BLV IF12BB FA12BB TH12BB,A320,Media,GRAUS5Q,LEBL-24L
489,DLH62X,02/05/2023 05:13:20,DR24LB F34BL BL800 BL805 BL812 DALIN PIVUS DIBER **,A321,Media,DALIN4Q,LEBL-24L
490,VLG9FF,02/05/2023 05:14:46,DR24LB F34BL BL800 BL805 BL811 BL827 AGENA MAROT LUMAS **,A320,Media,AGENA5Q,LEBL-24L
491,MGO102,02/05/2023 05:16:31,DR24LB F34BL PERAL BL801 BL802 BL803 DUQQI BL815 BL816 OLOXO **,GLEX,Media,OLOXO1Q,LEBL-24L
492,VLG19UW,02/05/2023 05:18:12,DR24LB F34BL PERAL BL801 BL802 BL803 DUQQI BL815 BL816 OLOXO **,A320,Media,OLOXO1Q,LEBL-24L
493,VLG57HR,02/05/2023 05:19:33,DR24LB F34BL BL800 NITBA BL809 BL810 LARPA TOLSO LISAS F33PA POS BAVUM OBUMU FA24LP TH24LP,A321,Media,LARPA5Q,LEBL-24L
494,VLG7PX,02/05/2023 05:20:38,DR24LB F34BL PERAL BL801 BL802 BL803 DUQQI VIBOK NATPI **,A20N,Media,NATPI2Q,LEBL-24L
495,IBE30WP,02/05/2023 05:21:54,DR24LB F34BL BL800 NITBA BL804 BL806 BL836 SENIA DORMI CRETA NEXAS DISVU ADUXO MD001 SIRGU RUDBI MD570 MD575 YAYHO FA32RM TH32RM,A20N,Media,SENIA5Q,LEBL-24L
496,VLG7HQ,02/05/2023 05:23:09,DR24LB F34BL BL800 NITBA BL809 BL810 LARPA TOLSO LISAS IB810 ADX NEGRE IB710 IB711 IB712 IB713 IB730 GISLU BATBI ERMUT FA24IB TH24IB,A321,Media,LARPA5Q,LEBL-24L
497,VLG744Q,02/05/2023 05:24:50,DR24LB F34BL BL800 NITBA BL804 BL806 BL836 SENIA DORMI CRETA NEXAS DISVU ADUXO ELROT CJN PALIO AKOKI GOTOR TLD BARDI **,A320,Media,SENIA5Q,LEBL-24L
498,VLG31HY,02/05/2023 05:26:15,DR24LB F34BL BL800 BL805 BL812 DALIN PIVUS DIBER **,A321,Media,DALIN4Q,LEBL-24L
499,VLG34HN,02/05/2023 05:27:41,DR24LB F34BL BL800 BL805 BL811 BL813 DIPES TOSNU LAPIT OSPOK **,A320,Media,DIPES1Q,LEBL-24L
500,VLG4XA,02/05/2023 05:29:47,DR24LB F34BL PERAL BL801 BL802 BL803 DUQQI BL815 BL816 OLOXO **,A20N,Media,OLOXO1Q,LEBL-24L
501,VLG6LQ,02/05/2023 05:31:07,DR24LB F34BL BL800 NITBA BL804 BL807 BL808 LOTOS TORDU DIKUT SOPET VLC SERRA ASTRO POBOS XEBAR YES MAMIS BAZAS VIBAS GDA 06GDA IF09GR FA09GR TH09GR,A20N,Media,LOTOS5Q,LEBL-24L
502,VLG79LD,02/05/2023 05:32:58,DR24LB F34BL BL800 BL805 BL811 BL813 DIPES TOSNU LAPIT OSPOK **,A20N,Media,DIPES1Q,LEBL-24L
503,VLG6PH,02/05/2023 05:34:14,DR24LB F34BL BL800 BL805 BL811 BL827 AGENA MAROT LUMAS **,A320,Media,AGENA5Q,LEBL-24L
504,VLG3LK,02/05/2023 05:35:34,DR24LB F34BL BL800 NITBA BL804 BL806 BL836 SENIA DORMI CRETA NEXAS DISVU ADUXO ELROT CJN PALIO AKOKI GOTOR TLD NATPA MELON CCS **,A321,Media,SENIA5Q,LEBL-24L
505,VLG1882,02/05/2023 05:37:25,DR24LB F34BL BL800 BL805 BL811 BL827 AGENA DCT MAROT DCT LUMAS **,A320,Media,AGENA5Q,LEBL-24L
506,VLG21GB,02/05/2023 05:39:36,DR24LB F34BL PERAL BL801 BL802 BL803 DUQQI VLA BL814 LRD GRAUS POSSY MARIO SURCO XOMBO RONNY RONKO GOSVI TURPU PPN MALOB CEGAM BLV CALCE SNR OBETO RONSI LASKU AMAKA XIDRA LASIT KUTIX TUXAL IF11AS FA11AS TH11AS,A321,Media,GRAUS5Q,LEBL-24L
507,VLG404P,02/05/2023 05:40:46,DR24LB F34BL PERAL BL801 BL802 BL803 DUQQI VIBOK NATPI **,A20N,Media,NATPI2Q,LEBL-24L
508,VLG2LR,02/05/2023 05:42:02,DR24LB F34BL BL800 NITBA BL804 BL807 BL808 LOTOS TORDU DIKUT SOPET VLC SERRA ASTRO POBOS XEBAR YES MAMIS BAZAS VIBAS MGA BRIKE VJF TAVSI RUNAX **,A320,Media,LOTOS5Q,LEBL-24L
509,VLG431R,02/05/2023 05:43:17,DR24LB F34BL PERAL BL801 BL802 BL803 DUQQI VIBOK NATPI **,A20N,Media,NATPI2Q,LEBL-24L
510,VLG6203,02/05/2023 05:44:38,DR24LB F34BL BL800 BL805 BL812 DALIN PIVUS DIBER **,A20N,Media,DALIN4Q,LEBL-24L
511,VLG4PC,02/05/2023 05:45:54,DR24LB F34BL BL800 NITBA BL804 BL806 BL836 SENIA DORMI CRETA NEXAS DISVU ADUXO MD001 SIRGU RUDBI MD570 MD575 YAYHO FA32RM TH32RM,A320,Media,SENIA5Q,LEBL-24L
512,RYR4TJ,02/05/2023 05:47:29,DR24LB F34BL BL800 NITBA BL809 BL810 LARPA TOLSO LISAS F33PA POS BAVUM OBUMU FA24LP TH24LP,B738,Media,LARPA5Q,LEBL-24L
513,VLG44WN,02/05/2023 05:49:00,DR24LB F34BL PERAL BL801 BL802 BL803 DUQQI BL815 BL816 OLOXO **,A320,Media,OLOXO1Q,LEBL-24L
514,EJU7105,02/05/2023 05:50:30,DR24LB F34BL BL800 BL805 BL812 DALIN PIVUS DIBER **,A319,Media,DALIN4Q,LEBL-24L
515,VLG11SD,02/05/2023 05:51:51,DR24LB F34BL PERAL BL801 BL802 BL803 DUQQI VIBOK NATPI **,A320,Media,NATPI2Q,LEBL-24L
516,VLG6330,02/05/2023 05:53:06,DR24LB F34BL BL800 BL805 BL811 BL827 AGENA MAROT LUMAS **,A320,Media,AGENA5Q,LEBL-24L
517,VLG49HW,02/05/2023 05:54:21,DR24LB F34BL PERAL BL801 BL802 BL803 DUQQI VIBOK NATPI **,A320,Media,NATPI2Q,LEBL-24L
518,DLH05J,02/05/2023 05:56:37,DR24LB F34BL BL800 BL805 BL811 BL827 AGENA MAROT LUMAS **,A320,Media,AGENA5Q,LEBL-24L
519,EJU31EM,02/05/2023 05:58:03,DR24LB F34BL PERAL BL801 BL802 BL803 DUQQI VIBOK NATPI **,A319,Media,NATPI2Q,LEBL-24L
520,VLG1ND,02/05/2023 05:59:28,DR24LB F34BL BL800 BL805 BL811 BL827 AGENA MAROT LUMAS **,A320,Media,AGENA5Q,LEBL-24L
521,BAW47C,02/05/2023 06:00:44,DR24LB F34BL PERAL BL801 BL802 BL803 DUQQI VIBOK NATPI **,A320,Media,NATPI2Q,LEBL-24L
522,SWN5LC,02/05/2023 06:02:30,DR24LB F34BL BL800 NITBA BL804 BL807 BL808 LOTOS TORDU DIKUT SOPET VL003 MULAT VC08E VC05E TH30VC,B738,Media,LOTOS5Q,LEBL-24L
523,VLG2XZ,02/05/2023 06:03:40,DR24LB F34BL PERAL BL801 BL802 BL803 DUQQI BL815 BL816 OLOXO **,A20N,Media,OLOXO1Q,LEBL-24L
524,VLG1508,02/05/2023 06:05:01,DR24LB F34BL BL800 BL805 BL812 DALIN PIVUS DIBER **,A319,Media,DALIN4Q,LEBL-24L
525,VLG4SD,02/05/2023 06:06:36,DR24LB F34BL BL800 NITBA BL804 BL807 BL808 LOTOS TORDU DIKUT SOPET VLC SERRA ASTRO POBOS XEBAR YES MAMIS BAZAS VIBAS MGA BRIKE VJF TAVSI RUNAX **,A320,Media,LOTOS5Q,LEBL-24L
526,EJU93PZ,02/05/2023 06:08:12,DR24LB F34BL PERAL BL801 BL802 BL803 DUQQI VIBOK NATPI **,A319,Media,NATPI2Q,LEBL-24L
527,RYR29FB,02/05/2023 06:09:37,DR24LB F34BL PERAL BL801 BL802 BL803 DUQQI VIBOK NATPI **,B738,Media,NATPI2Q,LEBL-24L
528,IBE30GT,02/05/2023 06:11:43,DR24LB F34BL BL800 NITBA BL804 BL806 BL836 SENIA DORMI CRETA NEXAS DISVU ADUXO MD001 SIRGU RUDBI MD570 MD575 YAYHO FA32RM TH32RM,A320,Media,SENIA5Q,LEBL-24L
529,SWT8168,02/05/2023 06:16:04,DR24LB F34BL BL800 NITBA BL809 BL810 LARPA TOLSO LISAS F33PA POS BAVUM OBUMU FA24LP TH24LP,AT43,Media,LARPA5Q,LEBL-24L
530,VLG8EF,02/05/2023 06:19:15,DR24LB F34BL BL800 NITBA BL809 BL810 LARPA TOLSO LISAS IB810 ADX NEGRE IB710 IB711 IB712 IB713 IB730 GISLU BATBI ERMUT FA24IB TH24IB,A321,Media,LARPA5Q,LEBL-24L
531,VLG7UN,02/05/2023 06:20:26,DR24LB F34BL PERAL BL801 BL802 BL803 DUQQI BL815 BL816 OLOXO **,A320,Media,OLOXO1Q,LEBL-24L
532,VLG7334,02/05/2023 06:24:27,DR24LB F34BL BL800 NITBA BL804 BL807 BL808 LOTOS DCT TORDU DCT DIKUT DCT SOPET DCT VLC BEGOX NARGO RESTU DOSEK AMR BOLKA GONZA BERUM **,A320,Media,LOTOS5Q,LEBL-24L
533,KLM18S,02/05/2023 06:29:44,DR24LB F34BL PERAL BL801 BL802 BL803 DUQQI BL815 BL816 OLOXO **,B738,Media,OLOXO1Q,LEBL-24L
534,TLJ785K,02/05/2023 06:34:15,DR24LB F34BL BL800 BL805 BL811 BL813 DIPES TOSNU LAPIT OSPOK **,E35L,Media,DIPES1Q,LEBL-24L
535,VLG42YP,02/05/2023 06:39:47,DR24LB F34BL BL800 NITBA BL809 BL810 LARPA TOLSO LISAS F33PA POS BAVUM OBUMU FA24LP TH24LP,A320,Media,LARPA5Q,LEBL-24L
536,RYR2YB,02/05/2023 06:46:59,DR24LB F34BL BL800 NITBA BL809 BL810 LARPA TOLSO LISAS F33PA POS BAVUM OBUMU FA24LP TH24LP,A320,Media,LARPA5Q,LEBL-24L
537,RYR4U,02/05/2023 06:48:25,DR24LB F34BL PERAL BL801 BL802 BL803 DUQQI VIBOK NATPI **,B738,Media,NATPI2Q,LEBL-24L
538,THY5HX,02/05/2023 06:50:10,SC24LB F34BL BL800 BL805 BL811 BL813 DIPES TOSNU LAPIT OSPOK **,B738,Media,LEBL1W,LEBL-24L
539,AEA29WG,02/05/2023 06:52:31,DR24LB F34BL BL800 NITBA BL809 BL810 LARPA TOLSO LISAS F33PA POS BAVUM OBUMU FA24LP TH24LP,B738,Media,LARPA5Q,LEBL-24L
540,RYR7UY,02/05/2023 06:54:17,DR24LB F34BL BL800 NITBA BL809 BL810 LARPA TOLSO 014(LISAS) 4007N00223E 011(IB810) 009(ADX) 028(NEGRE) 006(IB710) 003(IB711) 003(IB712) 003(IB713) 003(IB730) GISLU DCT BATBI DCT ERMUT DCT FA24IB DCT TH24IB DCT,B738,Media,LARPA5Q,LEBL-24L
541,WMT9393,02/05/2023 06:56:03,DR24LB F34BL BL800 BL805 BL811 BL813 DIPES TOSNU LAPIT OSPOK **,A21N,Media,DIPES1Q,LEBL-24L
542,YUAPR,02/05/2023 07:08:08,DCT DR24LB DCT F34BL DCT PERAL DCT BL801 DCT BL802 DCT BL803 DCT DUQQI 009(VLA) 012(BL814) 4120N00111E DCT LRD LOBAR DIRMU VAKIN ELSAP YAKXU VASUM DGO NEA ZMR ADORO **,B737,Media,-,LEBL-24L
543,VLG16BZ,02/05/2023 07:09:49,DR24LB F34BL BL800 NITBA BL809 BL810 DUNES SARGO 15MHN6 TETIS F06MH BALIO IF01MH FA01MH TH01MH,A320,Media,DUNES5Q,LEBL-24L
544,EWG84GX,02/05/2023 07:16:52,DR24LB F34BL BL800 BL805 BL811 BL827 AGENA MAROT LUMAS **,A320,Media,AGENA5Q,LEBL-24L
545,VLG9YB,02/05/2023 07:18:17,DR24LB F34BL BL800 NITBA BL804 BL807 BL808 LOTOS TORDU DIKUT SOPET DCT 3945N00004W 023(VLC) VILNA DCT IF10AL DCT FA10AL DCT TH10AL DCT,A320,Media,LOTOS5Q,LEBL-24L
546,VLG80BU,02/05/2023 07:20:08,DR24LB F34BL BL800 NITBA BL804 BL807 BL808 LOTOS TORDU DIKUT SOPET VLC SERRA ASTRO POBOS XEBAR YES MAMIS BAZAS VEREG AMOTA ROTEX IF27ZL FA27ZL SPP TH27ZL,A20N,Media,LOTOS5Q,LEBL-24L
547,VLG57MA,02/05/2023 07:21:48,DR24LB F34BL BL800 NITBA BL809 BL810 LARPA TOLSO LISAS F33PA POS BAVUM OBUMU FA24LP TH24LP,A320,Media,LARPA5Q,LEBL-24L
548,RYR2FY,02/05/2023 07:23:09,DR24LB F34BL BL800 BL805 BL811 BL827 AGENA MAROT LUMAS **,B738,Media,AGENA5Q,LEBL-24L
549,VLG1ZN,02/05/2023 07:25:00,DR24LB F34BL BL800 NITBA BL804 BL807 BL808 LOTOS TORDU DIKUT SOPET VLC SERRA ASTRO POBOS XEBAR YES MAMIS BAZAS VIBAS GDA TOLSU MAR NEPUR IF13MG FA13MG TH13MG,A320,Media,LOTOS5Q,LEBL-24L
550,VLG6BG,02/05/2023 07:26:20,DCT DR24LB DCT F34BL DCT PERAL DCT BL801 DCT BL802 DCT BL803 DCT DUQQI 010(VLA) 012(BL814) 4128N00056E 015(LRD) 018(LOBAR) 007(DIRMU) VAKIN ELSAP YAKXU VASUM DGO RATAS NEDUS NUBLO SUSOS DCT LOMDA STG 12STG IF35ST FA35ST TH35ST,A20N,Media,-,LEBL-24L
551,EJU3778,02/05/2023 07:32:03,DR24LB F34BL BL800 BL805 BL811 BL827 AGENA MAROT LUMAS **,A320,Media,AGENA5Q,LEBL-24L
552,IBE30SW,02/05/2023 07:35:29,DR24LB F34BL BL800 NITBA BL804 BL806 BL836 SENIA DORMI CRETA NEXAS DISVU ADUXO MD001 SIRGU RUDBI MD570 MD575 YAYHO FA32RM TH32RM,A320,Media,SENIA5Q,LEBL-24L
553,VLG9BP,02/05/2023 07:37:00,DCT DR24LB DCT F34BL DCT PERAL DCT BL801 DCT BL802 DCT BL803 DCT DUQQI DCT VLA 012(BL814) 4123N00110E DCT LRD GRAUS POSSY MARIO SURCO XOMBO RONNY RONKO GOSVI TURPU PPN MALOB CEGAM LEKTO KARMA IF30BB SARRA FA30BB TH30BB,A320,Media,-,LEBL-24L
554,RYR9TK,02/05/2023 07:38:20,DR24LB F34BL BL800 NITBA BL809 BL810 LARPA TOLSO LISAS F33PA POS BAVUM OBUMU FA24LP TH24LP,A320,Media,LARPA5Q,LEBL-24L
555,EWG521,02/05/2023 07:39:46,DR24LB F34BL BL800 BL805 BL811 BL827 AGENA MAROT LUMAS **,A320,Media,AGENA5Q,LEBL-24L
556,QTR94P,02/05/2023 07:41:21,DR24LB F34BL BL800 BL805 BL811 BL813 DIPES TOSNU LAPIT OSPOK **,B788,Pesada,DIPES1Q,LEBL-24L
557,VLG2FM,02/05/2023 07:43:57,DR24LB F34BL PERAL BL801 BL802 BL803 DUQQI BL815 BL816 OLOXO **,A321,Media,OLOXO1Q,LEBL-24L
558,IBE30FP,02/05/2023 07:46:54,DCT DR24LB DCT F34BL DCT BL800 DCT NITBA DCT BL804 DCT BL806 DCT 4100N00116E/N0434F290 005(BL836) 019(SENIA) 015(DORMI) 014(CRETA) NEXAS DISVU ADUXO MD001 SIRGU RUDBI MD570 MD575 YAYHO FA32RM TH32RM,A20N,Media,-,LEBL-24L
559,RYR73DZ,02/05/2023 07:48:09,DCT DR24LB DCT F34BL DCT PERAL DCT BL801 DCT BL802 DCT BL803 DCT DUQQI DCT 4118N00145E 016(VIBOK) NATPI **,B738,Media,-,LEBL-24L
560,VLG93NH,02/05/2023 07:51:56,DR24LB F34BL BL800 BL805 BL812 DALIN PIVUS DIBER **,A320,Media,DALIN4Q,LEBL-24L
561,EWG1BL,02/05/2023 07:59:24,DR24LB F34BL PERAL BL801 BL802 BL803 DUQQI BL815 BL816 OLOXO **,A320,Media,OLOXO1Q,LEBL-24L
562,VOE23TA,02/05/2023 08:00:35,DCT DR24LB DCT F34BL DCT PERAL DCT BL801 DCT BL802 DCT BL803 DCT DUQQI DCT VLA 012(BL814) 4127N00100E 016(LRD) 026(GRAUS) 010(POSSY) MARIO SURCO XOMBO RONNY RONKO GOSVI TURPU PPN MALOB CEGAM BLV CALCE SNR OBETO RONSI LASKU AMAKA XIDRA LASIT KUTIX TUXAL IF11AS FA11AS TH11AS,A319,Media,-,LEBL-24L
563,TRA3A,02/05/2023 08:02:01,DR24LB F34BL PERAL BL801 BL802 BL803 DUQQI BL815 BL816 OLOXO **,B738,Media,OLOXO1Q,LEBL-24L
564,VLG836M,02/05/2023 08:04:06,DR24LB F34BL BL800 BL805 BL811 BL813 DIPES TOSNU LAPIT OSPOK **,A320,Media,DIPES1Q,LEBL-24L
565,AAL743,02/05/2023 08:05:27,DR24LB F34BL PERAL BL801 BL802 BL803 DUQQI VLA BL814 LRD LOBAR DIRMU VAKIN ELSAP YAKXU VASUM DGO RATAS NEDUS NUBLO SUSOS DCT STG DCT PASAS **,B788,Pesada,LOBAR6Q,LEBL-24L
566,ICC02,02/05/2023 08:05:37,DR24RB GAVMA BL831 VIBOK BL461 SLL BL443 BL439 BL435 BL431 BL427 BL423 BL419 BL415 TEBLA FA24RB TH24RB DCT BANOL DCT CLE BL443 BL439 BL435 BL431 BL427 BL423 BL419 BL415 TEBLA FA24RB TH24RB,BE20,Ligera,VIBOK1P,LEBL-24R
567,AFR67FJ,02/05/2023 08:08:03,DR24LB F34BL PERAL BL801 BL802 BL803 DUQQI BL815 BL816 OLOXO **,BCS3,Media,OLOXO1Q,LEBL-24L
568,SWR71LU,02/05/2023 08:09:34,DR24LB F34BL BL800 BL805 BL812 DALIN DCT PIVUS DCT DIBER **,A321,Media,DALIN4Q,LEBL-24L
569,AUA39H,02/05/2023 08:11:15,DR24LB F34BL BL800 BL805 BL811 BL827 AGENA MAROT LUMAS **,A321,Media,AGENA5Q,LEBL-24L
570,N501MG,02/05/2023 08:14:26,DR24LB F34BL BL800 NITBA BL804 BL806 BL836 SENIA DORMI CRETA NEXAS DISVU ADUXO MD001 SIRGU RUDBI MD570 MD575 YAYHO FA32RM TH32RM,GLEX,Media,SENIA5Q,LEBL-24L
571,IBE30KE,02/05/2023 08:15:57,DR24LB F34BL BL800 NITBA BL804 BL806 BL836 SENIA DORMI CRETA NEXAS DISVU ADUXO MD001 SIRGU RUDBI MD570 MD575 YAYHO FA32RM TH32RM,A20N,Media,SENIA5Q,LEBL-24L
572,VLG9ZT,02/05/2023 08:17:48,DR24LB F34BL BL800 NITBA BL804 BL807 BL808 LOTOS TORDU DIKUT DCT 3952N00008E 005(SOPET) 030(VLC) 021(SERRA) ASTRO POBOS XEBAR YES MAMIS BAZAS VEREG AMOTA ROTEX IF27ZL FA27ZL SPP TH27ZL,A320,Media,LOTOS5Q,LEBL-24L
573,RYR87QD,02/05/2023 08:19:13,DR24LB F34BL BL800 BL805 BL811 BL827 AGENA MAROT LUMAS **,B38M,Media,AGENA5Q,LEBL-24L
574,BAW473,02/05/2023 08:20:19,DR24LB F34BL PERAL BL801 BL802 BL803 DUQQI VIBOK NATPI **,A21N,Media,NATPI2Q,LEBL-24L
575,ASL79V,02/05/2023 08:21:54,DR24LB F34BL BL800 BL805 BL811 BL813 DIPES DCT TOSNU LAPIT OSPOK **,A320,Media,DIPES1Q,LEBL-24L
576,FIN07RT,02/05/2023 08:23:35,DR24LB F34BL BL800 BL805 BL811 BL827 AGENA MAROT LUMAS **,A321,Media,AGENA5Q,LEBL-24L
577,RUK69FL,02/05/2023 08:29:33,DR24LB F34BL PERAL BL801 BL802 BL803 DUQQI VIBOK NATPI **,B738,Media,NATPI2Q,LEBL-24L
578,VLG6LR,02/05/2023 08:30:48,DR24LB F34BL BL800 BL805 BL811 BL827 AGENA MAROT LUMAS **,A20N,Media,AGENA5Q,LEBL-24L
579,WMT79,02/05/2023 08:39:43,DR24LB F34BL BL800 BL805 BL811 BL827 AGENA MAROT LUMAS **,A21N,Media,AGENA5Q,LEBL-24L
580,EZY16QD,02/05/2023 08:40:58,DR24LB F34BL PERAL BL801 BL802 BL803 DUQQI VIBOK NATPI **,A320,Media,NATPI2Q,LEBL-24L
581,VLG2KX,02/05/2023 08:42:14,DR24LB F34BL PERAL BL801 BL802 BL803 DUQQI BL815 BL816 OLOXO **,A321,Media,OLOXO1Q,LEBL-24L
582,RYR9ZC,02/05/2023 08:43:54,DR24LB F34BL BL800 NITBA BL804 BL806 BL836 SENIA DORMI CRETA NEXAS DISVU ADUXO ELROT CJN PALIO AKOKI GOTOR TLD BARDI **,B738,Media,SENIA5Q,LEBL-24L
583,RYR17TT,02/05/2023 08:45:15,DR24LB F34BL BL800 BL805 BL811 BL827 AGENA MAROT LUMAS **,B738,Media,AGENA5Q,LEBL-24L
584,IBE30HR,02/05/2023 08:46:41,DR24LB F34BL BL800 NITBA BL804 BL806 BL836 SENIA DORMI CRETA NEXAS DISVU ADUXO MD001 SIRGU RUDBI MD570 MD575 YAYHO FA32RM TH32RM,A320,Media,SENIA5Q,LEBL-24L
585,RYR49YA,02/05/2023 08:48:01,DR24LB F34BL BL800 BL805 BL811 BL813 DIPES TOSNU LAPIT OSPOK **,B738,Media,DIPES1Q,LEBL-24L
586,VLG7SV,02/05/2023 08:49:22,DR24LB F34BL PERAL BL801 BL802 BL803 DUQQI BL815 BL816 OLOXO **,A20N,Media,OLOXO1Q,LEBL-24L
587,EJU43XT,02/05/2023 08:51:13,DR24LB F34BL PERAL BL801 BL802 BL803 DUQQI BL815 BL816 OLOXO **,A320,Media,OLOXO1Q,LEBL-24L
588,VLG6TM,02/05/2023 08:52:44,DR24LB F34BL BL800 BL805 BL811 BL813 DIPES DCT TOSNU LAPIT OSPOK **,A321,Media,DIPES1Q,LEBL-24L
589,TRA35B,02/05/2023 08:53:49,DR24LB F34BL PERAL BL801 BL802 BL803 DUQQI BL815 BL816 OLOXO **,B738,Media,OLOXO1Q,LEBL-24L
590,ELY394,02/05/2023 08:54:50,DR24LB F34BL BL800 BL805 BL811 BL813 DIPES TOSNU LAPIT OSPOK **,B739,Media,DIPES1Q,LEBL-24L
591,WZZ4,02/05/2023 08:56:25,DR24LB F34BL BL800 BL805 BL811 BL827 AGENA DCT MAROT DCT LUMAS **,A21N,Media,AGENA5Q,LEBL-24L
592,EZY51EZ,02/05/2023 09:01:23,DR24LB F34BL PERAL BL801 BL802 BL803 DUQQI VIBOK NATPI **,A319,Media,NATPI2Q,LEBL-24L
593,RYR33SC,02/05/2023 09:03:49,DR24LB F34BL BL800 NITBA BL804 BL807 BL808 LOTOS TORDU DIKUT SOPET DCT 3939N00016W 014(VLC) 021(SERRA) ASTRO POBOS XEBAR YES BLN PAQIS RUVEN ROTEX IF27ZL FA27ZL TH27ZL,B738,Media,LOTOS5Q,LEBL-24L
594,VLG15H,02/05/2023 09:05:55,DR24LB F34BL PERAL BL801 BL802 BL803 DUQQI VIBOK NATPI **,A320,Media,NATPI2Q,LEBL-24L
595,N99ZM,02/05/2023 09:08:47,DR24LB F34BL BL800 NITBA BL809 BL810 LARPA TOLSO LISAS F33PA POS BAVUM OBUMU FA24LP TH24LP,GLEX,Media,LARPA5Q,LEBL-24L
596,UAE255,02/05/2023 09:10:53,DR24LB F34BL PERAL BL801 BL802 BL803 DUQQI VLA BL814 LRD LOBAR DCT DIRMU DCT VAKIN DCT ELSAP DCT YAKXU DCT VASUM DCT DGO DCT RATAS DCT NEDUS DCT NUBLO DCT SUSOS DCT STG DCT HIDRA **,B77L,Pesada,LOBAR6Q,LEBL-24L
597,N158QS,02/05/2023 09:13:24,DR24LB F34BL PERAL BL801 BL802 BL803 DUQQI VLA BL814 LRD GRAUS POSSY MARIO SURCO XOMBO RONNY RONKO GOSVI TURPU PPN MALOB CEGAM BLV CALCE SNR OBETO RONSI LASKU DCT VES DCT PASAS **,GLEX,Media,GRAUS5Q,LEBL-24L
598,ETD35Q,02/05/2023 09:16:00,DR24LB F34BL BL800 BL805 BL811 BL813 DIPES TOSNU LAPIT OSPOK **,B789,Pesada,DIPES1Q,LEBL-24L
599,MAC374R,02/05/2023 09:18:31,DR24LB F34BL BL800 NITBA BL804 BL807 BL808 LOTOS DCT 4023N00046E 011(TORDU) 4016N00034E 021(DIKUT) 015(SOPET) 030(VLC) 021(SERRA) ASTRO POBOS XEBAR YES MAMIS BAZAS VIBAS MGA PIMOS GALTO **,A320,Media,LOTOS5Q,LEBL-24L
600,RYR67DP,02/05/2023 09:20:12,DCT DR24LB DCT F34BL 003(BL800) 4110N00204E 004(BL805) 009(BL811) BL827 AGENA MAROT LUMAS **,B738,Media,-,LEBL-24L
601,AHO647A,02/05/2023 09:21:47,DR24LB F34BL PERAL BL801 BL802 BL803 DUQQI BL815 BL816 OLOXO **,E35L,Media,OLOXO1Q,LEBL-24L
602,EZY83DL,02/05/2023 09:25:39,DR24LB F34BL PERAL BL801 BL802 BL803 DUQQI VIBOK NATPI **,A320,Media,NATPI2Q,LEBL-24L
603,KLM86N,02/05/2023 09:27:10,DR24LB F34BL PERAL BL801 BL802 BL803 DUQQI BL815 BL816 OLOXO **,B738,Media,OLOXO1Q,LEBL-24L
604,VLG7PC,02/05/2023 09:28:41,DR24LB F34BL BL800 NITBA BL804 BL807 BL808 LOTOS TORDU DIKUT SOPET VLC SERRA ASTRO POBOS XEBAR YES MAMIS BAZAS VIBAS GDA 06GDA IF09GR FA09GR TH09GR,A321,Media,LOTOS5Q,LEBL-24L
605,ACA2121,02/05/2023 09:28:46,DR24RB BL831 DUQQI VLA BL814 LRD LOBAR DCT DIRMU VAKIN DCT ELSAP DCT YAKXU DCT VASUM DCT DGO DCT RATAS DCT NEDUS DCT NUBLO DCT SUSOS DCT STG DCT PITAX **,A333,Pesada,LOBAR7D,LEBL-24R
606,VLG4YH,02/05/2023 09:30:16,DR24LB F34BL BL800 NITBA BL809 BL810 LARPA TOLSO 013(LISAS) 020(IB810) 009(ADX) 3932N00159E 010(NEGRE) 005(IB710) 003(IB711) 002(IB712) 003(IB713) 003(IB730) 002(GISLU) BATBI DCT ERMUT DCT FA24IB DCT TH24IB DCT,A320,Media,LARPA5Q,LEBL-24L
607,CSDPV,02/05/2023 09:32:42,DR24LB F34BL BL800 NITBA BL804 BL807 BL808 LOTOS TORDU DIKUT SOPET VLC VILNA IF10AL FA10AL TH10AL,C510,Ligera,LOTOS5Q,LEBL-24L
608,EIN5LG,02/05/2023 09:37:45,DR24LB F34BL PERAL BL801 BL802 BL803 DUQQI VIBOK NATPI **,A320,Media,NATPI2Q,LEBL-24L
609,RYR1DH,02/05/2023 09:39:15,DR24LB F34BL BL800 BL805 BL811 BL813 DIPES TOSNU LAPIT OSPOK **,B738,Media,DIPES1Q,LEBL-24L
610,AEE711,02/05/2023 09:41:01,DR24LB F34BL BL800 BL805 BL811 BL813 DIPES DCT TOSNU LAPIT OSPOK **,A21N,Media,DIPES1Q,LEBL-24L
611,WZZ46,02/05/2023 09:42:27,DR24LB F34BL BL800 BL805 BL811 BL827 AGENA DCT MAROT DCT LUMAS **,A21N,Media,AGENA5Q,LEBL-24L
612,DAL195,02/05/2023 09:43:02,DR24RB BL831 DUQQI VLA BL814 LRD LOBAR DIRMU VAKIN ELSAP YAKXU VASUM DGO RATAS NEDUS NUBLO SUSOS DCT STG DCT PASAS/H1110 **,B763,Pesada,LOBAR7D,LEBL-24R
613,RYR930U,02/05/2023 09:44:13,DR24LB F34BL BL800 BL805 BL811 BL827 AGENA MAROT LUMAS **,B738,Media,AGENA5Q,LEBL-24L
614,VLG1ZY,02/05/2023 09:45:38,DR24LB F34BL PERAL BL801 BL802 BL803 DUQQI BL815 BL816 OLOXO **,A321,Media,OLOXO1Q,LEBL-24L
615,VLG178R,02/05/2023 09:46:49,DR24LB F34BL BL800 BL805 BL811 BL813 DIPES TOSNU LAPIT OSPOK **,A320,Media,DIPES1Q,LEBL-24L
616,RYR88AD,02/05/2023 09:48:10,DR24LB F34BL PERAL BL801 BL802 BL803 DUQQI VIBOK NATPI **,B738,Media,NATPI2Q,LEBL-24L
617,TAP1035,02/05/2023 09:49:30,DR24LB F34BL BL800 NITBA BL804 BL806 BL836 SENIA DCT 4052N00037E/N0439F350 010(DORMI) 014(CRETA) NEXAS180011 018(DISVU) ADUXO ELROT CJN PALIO AKOKI GOTOR TLD NATPA MELON CCS **,A320,Media,SENIA5Q,LEBL-24L
618,VLG673Q,02/05/2023 09:50:46,DR24LB F34BL BL800 BL805 BL811 BL827 AGENA DCT MAROT DCT LUMAS **,A319,Media,AGENA5Q,LEBL-24L
619,VLG10DH,02/05/2023 09:52:06,DR24LB F34BL BL800 NITBA BL804 BL806 BL836 SENIA DORMI CRETA NEXAS DISVU ADUXO MD001 SIRGU RUDBI MD570 MD575 KEXME FA32LM TH32LM,A320,Media,SENIA5Q,LEBL-24L
620,VLG6009,02/05/2023 09:53:42,DR24LB F34BL PERAL BL801 BL802 BL803 DUQQI VIBOK NATPI **,A320,Media,NATPI2Q,LEBL-24L
621,ZSABB,02/05/2023 09:55:08,DR24LB F34BL BL800 NITBA BL809 BL810 LARPA TOLSO LISAS DCT 3957N00228E DCT 3956N00224E 005(IB810) 008(ADX) 026(NEGRE) 005(IB710) 003(IB711) 002(IB712) 002(IB713) 003(IB730) 002(GISLU) BATBI DCT ERMUT DCT FA24IB DCT TH24IB DCT,E35L,Media,LARPA5Q,LEBL-24L
622,VLG9AP,02/05/2023 09:56:49,DR24LB F34BL BL800 NITBA BL809 BL810 LARPA TOLSO LISAS F33PA POS BAVUM OBUMU FA24LP TH24LP,A320,Media,LARPA5Q,LEBL-24L
623,ITY077,02/05/2023 09:58:09,DR24LB F34BL BL800 BL805 BL811 BL813 DIPES TOSNU LAPIT OSPOK **,A320,Media,DIPES1Q,LEBL-24L
624,VLG9CA,02/05/2023 09:59:55,DR24LB F34BL BL800 BL805 BL811 BL813 DIPES TOSNU LAPIT OSPOK **,A321,Media,DIPES1Q,LEBL-24L
625,VLG17FD,02/05/2023 10:01:41,DR24LB F34BL BL800 BL805 BL812 DALIN PIVUS DIBER **,A20N,Media,DALIN4Q,LEBL-24L
626,AEA6037,02/05/2023 10:03:06,DR24LB F34BL BL800 NITBA BL809 BL810 LARPA TOLSO LISAS F33PA POS BAVUM OBUMU FA24LP TH24LP,B738,Media,LARPA5Q,LEBL-24L
627,BAW483B,02/05/2023 10:04:47,DR24LB F34BL PERAL BL801 BL802 BL803 DUQQI VIBOK NATPI **,A320,Media,NATPI2Q,LEBL-24L
628,DLH13K,02/05/2023 10:06:18,DR24LB F34BL BL800 BL805 BL811 BL827 AGENA MAROT LUMAS **,A321,Media,AGENA5Q,LEBL-24L
629,VLG3QT,02/05/2023 10:07:39,DR24LB F34BL PERAL BL801 BL802 BL803 DUQQI VIBOK NATPI **,A321,Media,NATPI2Q,LEBL-24L
630,AEA7706,02/05/2023 10:09:10,DR24LB F34BL BL800 NITBA BL804 BL806 BL836 SENIA DORMI CRETA NEXAS DISVU ADUXO MD001 SIRGU RUDBI MD570 MD575 KEXME FA32LM TH32LM,B789,Pesada,SENIA5Q,LEBL-24L
631,GES441S,02/05/2023 10:12:57,DR24LB F34BL BL800 BL805 BL811 BL827 AGENA MAROT LUMAS **,C68A,Media,AGENA5Q,LEBL-24L
632,VLG8PX,02/05/2023 10:14:37,DR24LB F34BL BL800 NITBA BL804 BL807 BL808 LOTOS TORDU DIKUT SOPET VLC SERRA ASTRO POBOS XEBAR YES MAMIS BAZAS VIBAS MGA BRIKE VJF TAVSI RUNAX **,A320,Media,LOTOS5Q,LEBL-24L
633,VLG36BR,02/05/2023 10:18:14,DR24LB F34BL BL800 NITBA BL804 BL807 BL808 LOTOS TORDU DIKUT SOPET VLC SERRA ASTRO POBOS XEBAR YES MAMIS BAZAS VIBAS MGA BRIKE VJF TAVSI RUNAX **,A20N,Media,LOTOS5Q,LEBL-24L
634,EJU16XM,02/05/2023 10:20:25,DR24LB F34BL BL800 BL805 BL811 BL827 AGENA MAROT LUMAS **,A319,Media,AGENA5Q,LEBL-24L
635,VLG9RM,02/05/2023 10:22:06,DR24LB F34BL BL800 BL805 BL811 BL827 AGENA DCT MAROT DCT LUMAS **,A320,Media,AGENA5Q,LEBL-24L
636,RYR308X,02/05/2023 10:23:27,DR24LB F34BL BL800 NITBA BL804 BL807 BL808 LOTOS TORDU DIKUT SOPET VLC SERRA ASTRO POBOS XEBAR YES MAMIS BAZAS VIBAS GDA TOLSU MAR NEPUR IF13MG FA13MG TH13MG,B738,Media,LOTOS5Q,LEBL-24L
637,UAL121,02/05/2023 10:24:58,DR24LB F34BL PERAL BL801 BL802 BL803 DUQQI VLA BL814 LRD LOBAR DIRMU VAKIN ELSAP YAKXU VASUM DGO RATAS NEDUS NUBLO SUSOS DCT STG DCT HIDRA **,B78X,Pesada,LOBAR6Q,LEBL-24L
638,THY4AP,02/05/2023 10:26:34,DR24LB F34BL BL800 BL805 BL811 BL813 DIPES TOSNU LAPIT OSPOK **,A333,Pesada,DIPES1Q,LEBL-24L
639,VLG4HF,02/05/2023 10:29:15,DR24LB F34BL BL800 BL805 BL811 BL813 DIPES DCT TOSNU LAPIT OSPOK **,A321,Media,DIPES1Q,LEBL-24L
640,N904TS,02/05/2023 10:30:41,DR24LB F34BL BL800 NITBA BL809 BL810 LARPA TOLSO LISAS IB810 ADX NEGRE IB710 IB711 IB712 IB713 IB730 GISLU BATBI ERMUT FA24IB TH24IB,GLF4,Media,LARPA5Q,LEBL-24L
641,VLG7EW,02/05/2023 10:32:16,DR24LB F34BL BL800 NITBA BL804 BL806 BL836 SENIA DORMI CRETA NEXAS DISVU ADUXO ELROT CJN PALIO AKOKI GOTOR TLD NATPA MELON CCS **,A20N,Media,SENIA5Q,LEBL-24L
642,VLG8KR,02/05/2023 10:34:07,DR24LB F34BL BL800 NITBA BL804 BL807 BL808 LOTOS DCT 4023N00046E DCT 4019N00040E 004(TORDU) 022(DIKUT) 015(SOPET) 030(VLC) 021(SERRA) ASTRO DCT POBOS DCT XEBAR DCT YES BLN CDB BETIX ZL002 TENDU IF09ZL FA09ZL TH09ZL,A20N,Media,LOTOS5Q,LEBL-24L
643,VLG6QC,02/05/2023 10:35:53,DR24LB F34BL BL800 NITBA BL804 BL807 BL808 LOTOS TORDU DIKUT SOPET VLC SERRA ASTRO POBOS XEBAR YES TOSGA ROLAS AGIDO AM601 NIDON AM13E AM08E TH25AM,A320,Media,LOTOS5Q,LEBL-24L
644,RYR1UC,02/05/2023 10:37:09,DR24LB F34BL BL800 BL805 BL811 BL827 AGENA MAROT LUMAS **,B738,Media,AGENA5Q,LEBL-24L
645,RYR47NG,02/05/2023 10:38:40,DR24LB F34BL BL800 NITBA BL809 BL810 LARPA TOLSO LISAS IB810 ADX NEGRE IB710 IB711 IB712 IB713 IB730 GISLU BATBI ERMUT FA24IB TH24IB,B738,Media,LARPA5Q,LEBL-24L
646,VLG3EN,02/05/2023 10:39:55,DR24LB F34BL BL800 BL805 BL811 BL813 DIPES DCT TOSNU LAPIT OSPOK **,A320,Media,DIPES1Q,LEBL-24L
647,VLG13HE,02/05/2023 10:41:21,DR24LB F34BL BL800 NITBA BL809 BL810 DUNES SARGO 15MHN6 TETIS F06MH BALIO IF01MH FA01MH TH01MH,A320,Media,DUNES5Q,LEBL-24L
648,VLG5AN,02/05/2023 10:42:37,DR24LB F34BL PERAL BL801 BL802 BL803 DUQQI VIBOK NATPI **,A20N,Media,NATPI2Q,LEBL-24L
649,VLG1512,02/05/2023 10:44:12,DR24LB F34BL BL800 BL805 BL812 DALIN PIVUS DIBER **,A320,Media,DALIN4Q,LEBL-24L
650,NSZ365L,02/05/2023 10:46:13,DR24LB F34BL BL800 BL805 BL812 DALIN PIVUS DIBER **,B38M,Media,DALIN4Q,LEBL-24L
651,VLG6NJ,02/05/2023 10:49:55,DR24LB F34BL PERAL BL801 BL802 BL803 DUQQI VIBOK NATPI **,A320,Media,NATPI2Q,LEBL-24L
652,VLG202P,02/05/2023 10:55:43,DR24LB F34BL BL800 BL805 BL811 BL827 AGENA VERSO SADEM BL468 LESBA BL450 BL444 BL440 BL436 BL432 BL428 BL423 BL419 BL415 TEBLA FA24RB TH24RB,A20N,Media,AGENA5Q,LEBL-24L
653,AAL67,02/05/2023 10:58:29,DR24LB F34BL PERAL BL801 BL802 BL803 DUQQI VLA BL814 LRD LOBAR DIRMU VAKIN ELSAP YAKXU VASUM DGO RATAS NEDUS NUBLO SUSOS DCT STG DCT KOPAS **,B772,Pesada,LOBAR6Q,LEBL-24L
654,IBE30HP,02/05/2023 11:01:01,DR24LB F34BL BL800 NITBA BL804 BL806 BL836 SENIA DORMI CRETA NEXAS DISVU ADUXO MD001 SIRGU RUDBI MD570 MD575 YAYHO FA32RM TH32RM,A320,Media,SENIA5Q,LEBL-24L
655,VLG4WJ,02/05/2023 11:02:46,DR24LB F34BL PERAL BL801 BL802 BL803 DUQQI BL815 BL816 OLOXO **,A320,Media,OLOXO1Q,LEBL-24L
656,VLG64LZ,02/05/2023 11:05:23,DR24LB F34BL PERAL BL801 BL802 BL803 DUQQI BL815 BL816 OLOXO **,A321,Media,OLOXO1Q,LEBL-24L
657,VLG48EZ,02/05/2023 11:06:54,DR24LB F34BL BL800 BL805 BL811 BL827 AGENA DCT MAROT DCT LUMAS **,A320,Media,AGENA5Q,LEBL-24L
658,VLG3YG,02/05/2023 11:08:14,DR24LB F34BL BL800 NITBA BL804 BL807 BL808 LOTOS DCT 4022N00044E 009(TORDU) 022(DIKUT) 015(SOPET) 030(VLC) 021(SERRA) ASTRO POBOS XEBAR YES MAMIS BAZAS VIBAS MOSUK 23MGA 25GDA F01MG PISAV F02MG F03MG 15GAA IF31MG FA31MG TH31MG,A321,Media,LOTOS5Q,LEBL-24L
659,VLG5SH,02/05/2023 11:12:11,DR24LB F34BL BL800 NITBA BL809 BL810 LARPA TOLSO DCT LISAS DCT 3959N00226E 011(IB810) 3941N00209E DCT 3936N00206E 017(NEGRE) 005(IB710) 003(IB711) 002(IB712) 002(IB713) 003(IB730) GISLU DCT BATBI DCT ERMUT DCT FA24IB DCT TH24IB DCT,A20N,Media,LARPA5Q,LEBL-24L
660,NOZ41B,02/05/2023 11:13:27,DR24LB F34BL PERAL BL801 BL802 BL803 DUQQI BL815 BL816 OLOXO **,B738,Media,OLOXO1Q,LEBL-24L
661,ICC02,02/05/2023 11:14:16,DR24LB F34BL PERAL BL801 BL802 BL803 DUQQI VIBOK/N0250F170 BL461 SLL/H1134 BL443 BL439 BL435 BL431 BL427 BL423 BL419 BL415 TEBLA FA24RB TH24RB,BE20,Ligera,VIBOK1Q,LEBL-24L
662,DLH27W,02/05/2023 11:18:40,DR24LB F34BL BL800 BL805 BL812 DALIN PIVUS DIBER **,A321,Media,DALIN4Q,LEBL-24L
663,VLG63KY,02/05/2023 11:20:00,DR24LB F34BL PERAL BL801 BL802 BL803 DUQQI BL815 BL816 OLOXO **,A20N,Media,OLOXO1Q,LEBL-24L
664,VLG28VR,02/05/2023 11:21:21,DR24LB F34BL BL800 BL805 BL812 DALIN PIVUS DIBER **,A20N,Media,DALIN4Q,LEBL-24L
665,AHO859Y,02/05/2023 11:23:32,DR24LB F34BL BL800 BL805 BL811 BL827 AGENA MAROT LUMAS **,E35L,Media,AGENA5Q,LEBL-24L
666,BAW485,02/05/2023 11:24:58,DR24LB F34BL PERAL BL801 BL802 BL803 DUQQI VIBOK NATPI **,A319,Media,NATPI2Q,LEBL-24L
667,VLG2MJ,02/05/2023 11:26:24,DR24LB F34BL PERAL BL801 BL802 BL803 DUQQI VLA BL814 LRD GRAUS POSSY MARIO SURCO XOMBO RONNY RONKO GOSVI TURPU PPN MALOB CEGAM BLV 13BLV IF12BB FA12BB TH12BB,A320,Media,GRAUS5Q,LEBL-24L
668,EJU64CT,02/05/2023 11:27:29,DCT DR24LB DCT F34BL DCT BL800 DCT BL805 DCT BL812 DCT 4107N00231E DCT 4112N00232E 048(DALIN) 028(PIVUS) DIBER **,A319,Media,-,LEBL-24L
669,RYR75HD,02/05/2023 11:29:10,DR24LB F34BL PERAL BL801 BL802 BL803 DUQQI BL815 BL816 OLOXO **,B738,Media,OLOXO1Q,LEBL-24L
670,EJU48RE,02/05/2023 11:35:33,DR24LB F34BL BL800 BL805 BL812 DALIN PIVUS DIBER **,A320,Media,DALIN4Q,LEBL-24L
671,AHY046,02/05/2023 11:36:53,DR24LB F34BL BL800 BL805 BL811 BL813 DIPES TOSNU LAPIT OSPOK **,A320,Media,DIPES1Q,LEBL-24L
672,RYR6UL,02/05/2023 11:38:19,DR24LB F34BL BL800 BL805 BL811 BL827 AGENA MAROT LUMAS **,B738,Media,AGENA5Q,LEBL-24L
673,RYR6376,02/05/2023 11:39:35,DR24LB F34BL BL800 NITBA BL804 BL807 BL808 LOTOS TORDU DIKUT SOPET VLC SERRA ASTRO POBOS XEBAR YES MAMIS BAZAS VIBAS MGA BRIKE VJF TAVSI RUNAX **,B738,Media,LOTOS5Q,LEBL-24L
674,AFR94BQ,02/05/2023 11:41:05,DR24LB F34BL PERAL BL801 BL802 BL803 DUQQI BL815 BL816 OLOXO **,A320,Media,OLOXO1Q,LEBL-24L
675,VLG3VF,02/05/2023 11:42:21,DR24LB F34BL BL800 BL805 BL811 BL813 DIPES DCT TOSNU LAPIT OSPOK **,A320,Media,DIPES1Q,LEBL-24L
676,RYR426G,02/05/2023 11:43:47,DCT DR24LB DCT F34BL DCT BL800 DCT BL805 008(BL812) 4135N00241E 017(DALIN) 011(BGR) KANIG **,B738,Media,-,LEBL-24L
677,RYR1XN,02/05/2023 11:47:18,DR24LB F34BL BL800 NITBA BL809 BL810 DUNES SARGO 15MHN6 TETIS F06MH BALIO IF01MH FA01MH TH01MH,B738,Media,DUNES5Q,LEBL-24L
678,T7MPS,02/05/2023 11:49:55,DR24LB F34BL BL800 NITBA BL809 BL810 LARPA TOLSO DCT LISAS DCT IB810 DCT 3942N00225E DCT 3937N00217E DCT 3931N00213E DCT NEGRE DCT IB710 DCT IB711 DCT IB712 DCT IB713 DCT IB730 DCT GISLU DCT BATBI DCT ERMUT DCT FA24IB DCT TH24IB DCT,PC24,Media,LARPA5Q,LEBL-24L
679,AAL113,02/05/2023 11:51:25,DR24LB F34BL PERAL BL801 BL802 BL803 DUQQI VLA BL814 LRD LOBAR DIRMU VAKIN ELSAP YAKXU VASUM DGO RATAS NEDUS NUBLO SUSOS DCT STG DCT MUDOS **,B788,Pesada,LOBAR6Q,LEBL-24L
680,IBE30SY,02/05/2023 11:56:57,DR24LB F34BL BL800 NITBA BL804 BL806 BL836 SENIA DORMI CRETA NEXAS DISVU ADUXO MD001 SIRGU RUDBI MD570 MD575 YAYHO FA32RM TH32RM,A320,Media,SENIA5Q,LEBL-24L
681,VLG12ET,02/05/2023 11:58:58,DR24LB F34BL BL800 NITBA BL809 BL810 LARPA TOLSO LISAS IB810 ADX NEGRE IB710 IB711 IB712 IB713 IB730 GISLU BATBI ERMUT FA24IB TH24IB,A20N,Media,LARPA5Q,LEBL-24L
682,VLG3BV,02/05/2023 12:00:54,DR24LB F34BL BL800 BL805 BL811 BL813 DIPES TOSNU LAPIT OSPOK **,A20N,Media,DIPES1Q,LEBL-24L
683,DLH73N,02/05/2023 12:02:55,DR24LB F34BL BL800 BL805 BL812 DALIN PIVUS DIBER **,A21N,Media,DALIN4Q,LEBL-24L
684,VLG86KT,02/05/2023 12:05:51,DR24LB F34BL BL800 BL805 BL811 BL813 DIPES DCT TOSNU LAPIT OSPOK **,A320,Media,DIPES1Q,LEBL-24L
685,THY7DT,02/05/2023 12:07:52,DR24LB F34BL BL800 BL805 BL811 BL813 DIPES TOSNU LAPIT OSPOK **,A21N,Media,DIPES1Q,LEBL-24L
686,VJT547,02/05/2023 12:09:58,DR24LB F34BL PERAL BL801 BL802 BL803 DUQQI VIBOK NATPI **,CL60,Media,NATPI2Q,LEBL-24L
687,NJE930P,02/05/2023 12:12:09,DR24LB F34BL BL800 NITBA BL804 BL807 BL808 LOTOS TORDU DIKUT SOPET VLC SERRA ASTRO POBOS XEBAR YES MAMIS BAZAS VIBAS MGA PIMOS GALTO **,C68A,Media,LOTOS5Q,LEBL-24L
688,VLG7PG,02/05/2023 12:13:49,DR24LB F34BL BL800 NITBA BL804 BL806 BL836 SENIA DORMI CRETA NEXAS DISVU ADUXO ELROT CJN DISKO UNSOL ZANKO ZMR DESAT DCT FORNO NOLMU IF35ST FA35ST TH35ST,A20N,Media,SENIA5Q,LEBL-24L
689,AVA019,02/05/2023 12:20:27,DR24LB F34BL PERAL BL801 BL802 BL803 DUQQI VLA BL814 LRD LOBAR DIRMU VAKIN ELSAP DCT YAKXU VASUM DGO RATAS NEDUS NUBLO SUSOS DCT STG DCT RETEN **,B788,Pesada,LOBAR6Q,LEBL-24L
690,DAL169,02/05/2023 12:21:57,DR24LB F34BL PERAL BL801 BL802 BL803 DUQQI VLA BL814 LRD LOBAR DIRMU VAKIN ELSAP YAKXU VASUM DGO RATAS NEDUS NUBLO SUSOS DCT STG DCT KOPAS/H1347 **,B763,Pesada,LOBAR6Q,LEBL-24L
691,EJU4214,02/05/2023 12:24:23,DR24LB F34BL BL800 BL805 BL811 BL813 DIPES TOSNU LAPIT OSPOK **,A320,Media,DIPES1Q,LEBL-24L
692,VLG76QJ,02/05/2023 12:25:54,DR24LB F34BL BL800 BL805 BL811 BL827 AGENA MAROT LUMAS **,A20N,Media,AGENA5Q,LEBL-24L
693,RYR3YF,02/05/2023 12:27:20,DR24LB F34BL BL800 NITBA BL804 BL806 BL836 SENIA DORMI CRETA NEXAS DISVU ADUXO ELROT CJN PALIO AKOKI GOTOR TLD BARDI **,B738,Media,SENIA5Q,LEBL-24L
694,VLG2912,02/05/2023 12:28:35,DR24LB F34BL PERAL BL801 BL802 BL803 DUQQI VIBOK NATPI **,A320,Media,NATPI2Q,LEBL-24L
695,GES481Y,02/05/2023 12:30:31,DR24LB F34BL BL800 NITBA BL804 BL806 BL836 SENIA DORMI CRETA NEXAS DISVU ADUXO MD001 SIRGU RUDBI MD570 MD575 YAYHO FA32RM TH32RM,F2TH,Media,SENIA5Q,LEBL-24L
696,DLH02T,02/05/2023 12:31:56,DR24LB F34BL BL800 BL805 BL812 DALIN PIVUS DIBER **,A21N,Media,DALIN4Q,LEBL-24L
697,VLG91PK,02/05/2023 12:35:18,DR24LB F34BL PERAL BL801 BL802 BL803 DUQQI VIBOK NATPI **,A320,Media,NATPI2Q,LEBL-24L
698,EJU64NE,02/05/2023 12:38:54,DCT DR24LB DCT F34BL DCT BL800 DCT 4109N00211E 002(BL805) 010(BL811) 019(BL827) AGENA DCT MAROT DCT LUMAS **,A319,Media,-,LEBL-24L
699,EWG3ZR,02/05/2023 12:41:20,DR24LB F34BL PERAL BL801 BL802 BL803 DUQQI BL815 BL816 OLOXO **,A320,Media,OLOXO1Q,LEBL-24L
700,IBE30DP,02/05/2023 12:42:55,DR24LB F34BL BL800 NITBA BL804 BL806 BL836 SENIA DORMI CRETA NEXAS DISVU ADUXO MD001 SIRGU RUDBI MD570 MD575 YAYHO FA32RM TH32RM,A20N,Media,SENIA5Q,LEBL-24L
701,IBE2621,02/05/2023 12:44:26,DR24LB F34BL PERAL BL801 BL802 BL803 DUQQI VLA BL814 LRD GRAUS POSSY MARIO SURCO XOMBO RONNY RONKO GOSVI TURPU PPN MALOB CEGAM BLV CALCE SNR OBETO RONSI LASKU DCT VES DCT ADVAT/H1359 **,A332,Pesada,GRAUS5Q,LEBL-24L
702,VLG8560,02/05/2023 12:48:07,DR24LB F34BL PERAL BL801 BL802 BL803 DUQQI VIBOK NATPI **,A320,Media,NATPI2Q,LEBL-24L
703,PGT16WE,02/05/2023 12:55:10,DR24LB F34BL BL800 BL805 BL811 BL813 DIPES TOSNU LAPIT OSPOK **,A21N,Media,DIPES1Q,LEBL-24L
704,RYR43VV,02/05/2023 12:56:35,DR24LB F34BL BL800 BL805 BL811 BL813 DIPES TOSNU LAPIT OSPOK **,B738,Media,DIPES1Q,LEBL-24L
705,VLG1VH,02/05/2023 12:57:46,DR24LB F34BL BL800 NITBA BL809 BL810 LARPA TOLSO LISAS F33PA POS BAVUM OBUMU FA24LP TH24LP,A320,Media,LARPA5Q,LEBL-24L
706,VLG812Z,02/05/2023 13:00:37,DR24LB F34BL BL800 NITBA BL804 BL807 BL808 LOTOS TORDU DIKUT DCT 3951N00001E 000(SOPET) 029(VLC) VILNA DCT IF10AL DCT FA10AL DCT TH10AL DCT,A320,Media,LOTOS5Q,LEBL-24L
707,LGL92PE,02/05/2023 13:05:23,SC24LB F34BL PERAL BL801 BL802 BL803 DUQQI BL815 BL816 OLOXO **,DH8D,Media,LEBL1W,LEBL-24L
708,VLG22GA,02/05/2023 13:07:54,DCT DR24LB DCT F34BL DCT BL800 DCT NITBA 004(BL804) 015(BL807) 4044N00138E 014(BL808) 017(LOTOS) 024(TORDU) 021(DIKUT) 014(SOPET) VLC SERRA ASTRO POBOS XEBAR YES BLN MAR 23MAR ARSAS IF20JR FA20JR TH20JR,A320,Media,-,LEBL-24L
709,RYR6MD,02/05/2023 13:09:55,DR24LB F34BL BL800 BL805 BL812 DALIN PIVUS DIBER **,B738,Media,DALIN4Q,LEBL-24L
710,RYR46QL,02/05/2023 13:18:24,DR24LB F34BL PERAL BL801 BL802 BL803 DUQQI VIBOK NATPI **,B38M,Media,NATPI2Q,LEBL-24L
711,TAP47MM,02/05/2023 13:19:50,DCT DR24LB DCT F34BL DCT BL800 DCT NITBA DCT BL804 DCT BL806 DCT BL836 019(SENIA) 4052N00043E 015(DORMI) 014(CRETA) NEXAS DISVU ADUXO ELROT CJN PALIO AKOKI GOTOR TLD NATPA MELON CCS **,E190,Media,-,LEBL-24L
712,SWR95B,02/05/2023 13:21:36,DR24LB F34BL BL800 BL805 BL812 DALIN DCT PIVUS DCT DIBER **,A321,Media,DALIN4Q,LEBL-24L
713,BAW475,02/05/2023 13:25:32,DR24LB F34BL PERAL BL801 BL802 BL803 DUQQI VIBOK NATPI **,A320,Media,NATPI2Q,LEBL-24L
714,VLG5ET,02/05/2023 13:27:43,DCT DR24LB DCT F34BL DCT BL800 DCT NITBA DCT BL804 DCT BL806 DCT BL836 DCT 4056N00059E 011(SENIA) 015(DORMI) 014(CRETA) NEXAS DISVU ADUXO ELROT CJN PALIO AKOKI GOTOR TLD BARDI **,A320,Media,-,LEBL-24L
715,LOT3FB,02/05/2023 13:29:44,DR24LB F34BL BL800 BL805 BL811 BL827 AGENA MAROT LUMAS **,B38M,Media,AGENA5Q,LEBL-24L
716,VLG4UE,02/05/2023 13:31:10,DR24LB F34BL PERAL BL801 BL802 BL803 DUQQI VLA BL814 LRD GRAUS POSSY MARIO SURCO XOMBO RONNY RONKO GOSVI TURPU PPN MALOB CEGAM BLV CALCE SNR 08SNR IF11XJ FA11XJ TH11XJ,A320,Media,GRAUS5Q,LEBL-24L
717,VLG7LD,02/05/2023 13:32:45,DR24LB F34BL PERAL BL801 BL802 BL803 DUQQI BL815 BL816 OLOXO **,A321,Media,OLOXO1Q,LEBL-24L
718,TSC261,02/05/2023 13:33:56,DR24LB F34BL PERAL BL801 BL802 BL803 DUQQI VLA BL814 LRD LOBAR DIRMU VAKIN ELSAP YAKXU VASUM DGO RATAS NEDUS NUBLO SUSOS DCT STG DCT BERUX **,A21N,Media,LOBAR6Q,LEBL-24L
719,CFE3290,02/05/2023 13:34:57,DR24LB F34BL PERAL BL801 BL802 BL803 DUQQI VIBOK NATPI **,E190,Media,NATPI2Q,LEBL-24L
720,ICC02A,02/05/2023 13:38:13,DCT 4048N00106E/H1530 IFR DCT 4048N00107E 010(VIBOK) 004(BL461) TAQOH RAVAX RULOS BL444 BL440 BL436 BL432 BL428 BL423 BL419 BL415 TEBLA FA24RB TH24RB,BE20,Ligera,-,LEBL-24R
721,VLG6MY,02/05/2023 13:41:50,DR24LB F34BL PERAL BL801 BL802 BL803 DUQQI BL815 BL816 OLOXO **,A320,Media,OLOXO1Q,LEBL-24L
722,AFR31DH,02/05/2023 13:43:20,DR24LB F34BL PERAL BL801 BL802 BL803 DUQQI BL815 BL816 OLOXO **,A320,Media,OLOXO1Q,LEBL-24L
723,UAE256,02/05/2023 13:44:41,DR24LB F34BL BL800 BL805 BL811 BL813 DIPES TOSNU LAPIT OSPOK **,B77L,Pesada,DIPES1Q,LEBL-24L
724,S5BBG,02/05/2023 13:47:52,DR24LB F34BL BL800 NITBA BL809 BL810 LARPA TOLSO DCT 4016N00216E 001(LISAS) 024(IB810) 010(ADX) 033(NEGRE) 013(OLPAM) TUTOT DCT IB911 DCT IB912 DCT IB913 DCT IB930 DCT DEMEV DCT TIVOM DCT OSNUK DCT FA06IB DCT TH06IB DCT,C550,Ligera,LARPA5Q,LEBL-24L
725,BEL74C,02/05/2023 13:49:03,DR24LB F34BL PERAL BL801 BL802 BL803 DUQQI BL815 BL816 OLOXO **,A320,Media,OLOXO1Q,LEBL-24L
726,VLG6UR,02/05/2023 13:51:04,DR24LB F34BL BL800 BL805 BL811 BL827 AGENA DCT MAROT DCT LUMAS **,A321,Media,AGENA5Q,LEBL-24L
727,VLG6CK,02/05/2023 13:52:14,DR24LB F34BL PERAL BL801 BL802 BL803 DUQQI BL815 BL816 OLOXO **,A320,Media,OLOXO1Q,LEBL-24L
728,VLG4ML,02/05/2023 13:53:55,DR24LB F34BL PERAL BL801 BL802 BL803 DUQQI VLA BL814 LRD GRAUS POSSY MARIO SURCO XOMBO RONNY RONKO GOSVI TURPU PPN MALOB CEGAM BLV 13BLV IF12BB FA12BB TH12BB,A320,Media,GRAUS5Q,LEBL-24L
729,VLG2GR,02/05/2023 13:55:51,DR24LB F34BL BL800 NITBA BL804 BL807 BL808 LOTOS DCT TORDU DCT DIKUT DCT SOPET DCT VLC DCT SERRA DCT ASTRO DCT POBOS DCT XEBAR DCT YES BLN CDB BETIX ZL002 TENDU IF09ZL FA09ZL TH09ZL,A20N,Media,LOTOS5Q,LEBL-24L
730,ICE597,02/05/2023 13:57:22,DR24LB F34BL PERAL BL801 BL802 BL803 DUQQI VLA BL814 LRD GRAUS DCT POSSY DCT MARIO DCT SURCO XOMBO RONNY RONKO GOSVI TURPU DCT PPN DCT MALOB DCT CEGAM DCT BLV DOSUL XORNA DELOG **,B38M,Media,GRAUS5Q,LEBL-24L
731,RYR9YQ,02/05/2023 14:01:24,DR24LB F34BL PERAL BL801 BL802 BL803 DUQQI VIBOK NATPI **,B738,Media,NATPI2Q,LEBL-24L
732,RYR7UL,02/05/2023 14:02:59,DR24LB F34BL BL800 BL805 BL811 BL813 DIPES TOSNU LAPIT OSPOK **,B738,Media,DIPES1Q,LEBL-24L
733,WZZ11LU,02/05/2023 14:06:56,DR24LB F34BL BL800 BL805 BL811 BL827 AGENA DCT MAROT DCT LUMAS **,A320,Media,AGENA5Q,LEBL-24L
734,VLG7886,02/05/2023 14:09:22,DR24LB F34BL BL800 NITBA BL804 BL807 BL808 LOTOS TORDU DIKUT SOPET VLC SERRA ASTRO POBOS XEBAR YES MAMIS BAZAS VIBAS MGA PIMOS GALTO **,A320,Media,LOTOS5Q,LEBL-24L
735,VLG71QB,02/05/2023 14:10:42,DR24LB F34BL BL800 BL805 BL811 BL827 AGENA DCT MAROT DCT LUMAS **,A319,Media,AGENA5Q,LEBL-24L
736,RYR5TB,02/05/2023 14:19:00,DR24LB F34BL BL800 BL805 BL811 BL827 AGENA DCT MAROT DCT LUMAS **,B738,Media,AGENA5Q,LEBL-24L
737,DLH33A,02/05/2023 14:20:41,DR24LB F34BL BL800 BL805 BL812 DALIN PIVUS DIBER **,A321,Media,DALIN4Q,LEBL-24L
738,VLG5GU,02/05/2023 14:27:23,DR24LB F34BL BL800 NITBA BL804 BL807 BL808 LOTOS TORDU DIKUT SOPET VLC SERRA ASTRO POBOS XEBAR YES MAMIS BAZAS VIBAS GDA 06GDA IF09GR FA09GR TH09GR,A320,Media,LOTOS5Q,LEBL-24L
739,KLJ7807,02/05/2023 14:29:34,DCT DR24LB DCT F34BL DCT BL800 008(BL805) 008(BL812) 4107N00228E DCT DALIN PIVUS DIBER **,B735,Media,-,LEBL-24L
740,VLG344W,02/05/2023 14:31:04,DR24LB F34BL BL800 BL805 BL811 BL813 DIPES DCT TOSNU LAPIT OSPOK **,A320,Media,DIPES1Q,LEBL-24L
741,NSZ5512,02/05/2023 14:32:45,DR24LB F34BL BL800 BL805 BL812 DALIN PIVUS DIBER **,B738,Media,DALIN4Q,LEBL-24L
742,RYR46QT,02/05/2023 14:34:15,DR24LB F34BL BL800 NITBA BL804 BL806 BL836 SENIA DORMI CRETA NEXAS DISVU ADUXO ELROT CJN PALIO AKOKI GOTOR TLD NATPA MELON CCS **,B738,Media,SENIA5Q,LEBL-24L
743,QTR38P,02/05/2023 14:35:36,DR24LB F34BL BL800 BL805 BL811 BL813 DIPES TOSNU LAPIT OSPOK **,B788,Pesada,DIPES1Q,LEBL-24L
744,VLG87RX,02/05/2023 14:38:07,DR24LB F34BL BL800 NITBA BL804 BL806 BL836 SENIA DORMI CRETA NEXAS DISVU ADUXO ELROT CJN DISKO UNSOL ZANKO ZMR DESAT DCT FORNO XEBIK STG 10STG IF17ST FA17ST TH17ST,A320,Media,SENIA5Q,LEBL-24L
745,EJU93BF,02/05/2023 14:39:52,DR24LB F34BL BL800 BL805 BL812 DALIN PIVUS DIBER **,A319,Media,DALIN4Q,LEBL-24L
746,VLG8GG,02/05/2023 14:41:13,DR24LB F34BL PERAL BL801 BL802 BL803 DUQQI VLA BL814 LRD GRAUS POSSY MARIO SURCO XOMBO RONNY RONKO GOSVI TURPU PPN DITOP SSN YESYO SO500 SO10E SO06E TH22SO,A319,Media,GRAUS5Q,LEBL-24L
747,SVA228,02/05/2023 14:42:39,DR24LB F34BL BL800 BL805 BL811 BL813 DIPES TOSNU LAPIT OSPOK **,B789,Pesada,DIPES1Q,LEBL-24L
748,ORO1021,02/05/2023 14:47:56,DCT DR24LB DCT F34BL 004(BL800) 4111N00206E 004(NITBA) 006(BL809) 013(BL810) 034(DUNES) SARGO 15MHN6 TETIS F06MH BALIO IF01MH FA01MH TH01MH,C510,Ligera,-,LEBL-24L
749,VLG46YD,02/05/2023 14:49:06,DR24LB F34BL PERAL BL801 BL802 BL803 DUQQI VLA BL814 LRD GRAUS POSSY MARIO SURCO XOMBO RONNY RONKO GOSVI TURPU PPN MALOB CEGAM BLV CALCE SNR OBETO RONSI LASKU AMAKA XIDRA LASIT KUTIX TUXAL IF11AS FA11AS TH11AS,A320,Media,GRAUS5Q,LEBL-24L
750,VLG3NY,02/05/2023 14:50:37,DR24LB F34BL BL800 NITBA BL804 BL806 BL836 SENIA DORMI CRETA NEXAS DISVU ADUXO MD001 SIRGU RUDBI MD570 MD575 YAYHO FA32RM TH32RM,A320,Media,SENIA5Q,LEBL-24L
751,WMT925,02/05/2023 14:51:58,DR24LB F34BL BL800 BL805 BL811 BL813 DIPES TOSNU LAPIT OSPOK **,A320,Media,DIPES1Q,LEBL-24L
752,RYR6FX,02/05/2023 14:53:28,DR24LB F34BL BL800 BL805 BL811 BL827 AGENA MAROT LUMAS **,B738,Media,AGENA5Q,LEBL-24L
753,VLG6AW,02/05/2023 14:56:25,DR24LB F34BL BL800 NITBA BL809 BL810 LARPA TOLSO LISAS F33PA POS BAVUM OBUMU FA24LP TH24LP,A320,Media,LARPA5Q,LEBL-24L
754,VLG3XE,02/05/2023 14:58:56,DR24LB F34BL PERAL BL801 BL802 BL803 DUQQI BL815 BL816 OLOXO **,A321,Media,OLOXO1Q,LEBL-24L
755,VLG43FJ,02/05/2023 15:04:08,DR24LB F34BL PERAL BL801 BL802 BL803 DUQQI BL815 BL816 OLOXO **,A320,Media,OLOXO1Q,LEBL-24L
756,RYR1BE,02/05/2023 15:05:28,DR24LB F34BL PERAL BL801 BL802 BL803 DUQQI VLA BL814 LRD GRAUS POSSY MARIO SURCO XOMBO RONNY RONKO GOSVI TURPU PPN MALOB CEGAM BLV CALCE SNR 08SNR IF11XJ FA11XJ TH11XJ,B738,Media,GRAUS5Q,LEBL-24L
757,RYR281V,02/05/2023 15:06:39,DR24LB F34BL BL800 NITBA BL804 BL806 BL836 SENIA DORMI CRETA NEXAS DISVU ADUXO ELROT CJN DISKO UNSOL ZANKO ZMR DESAT DCT BARKO VX450 PIVON VX10N VX06N TH19VX,B738,Media,SENIA5Q,LEBL-24L
758,VLG1AL,02/05/2023 15:08:30,DR24LB F34BL BL800 NITBA BL809 BL810 DUNES SARGO 15MHN6 TETIS F06MH BALIO IF01MH FA01MH TH01MH,A320,Media,DUNES5Q,LEBL-24L
759,ANE14MZ,02/05/2023 15:10:05,DR24LB F34BL BL800 NITBA BL804 BL807 BL808 LOTOS TORDU DIKUT SOPET F09VC F10VC OPERA IF12VC FA12VC TH12VC,CRJX,Media,LOTOS5Q,LEBL-24L
760,ITY079,02/05/2023 15:12:16,DR24LB F34BL BL800 BL805 BL811 BL813 DIPES TOSNU LAPIT OSPOK **,A320,Media,DIPES1Q,LEBL-24L
761,IBE30ME,02/05/2023 15:13:42,DR24LB F34BL BL800 NITBA BL804 BL806 BL836 SENIA DORMI CRETA NEXAS DISVU ADUXO MD001 SIRGU RUDBI MD570 MD575 YAYHO FA32RM TH32RM,A320,Media,SENIA5Q,LEBL-24L
762,RYR7HV,02/05/2023 15:15:07,DR24LB F34BL PERAL BL801 BL802 BL803 DUQQI VIBOK NATPI **,B738,Media,NATPI2Q,LEBL-24L
763,VLG53PP,02/05/2023 15:16:28,DR24LB F34BL PERAL BL801 BL802 BL803 DUQQI VLA BL814 LRD GRAUS POSSY MARIO SURCO XOMBO RONNY RONKO GOSVI TURPU PPN MALOB CEGAM BLV 13BLV IF12BB FA12BB TH12BB,A320,Media,GRAUS5Q,LEBL-24L
764,EZY53LY,02/05/2023 15:18:59,DR24LB F34BL PERAL BL801 BL802 BL803 DUQQI VIBOK NATPI **,A319,Media,NATPI2Q,LEBL-24L
765,VLG9FT,02/05/2023 15:20:25,DR24LB F34BL BL800 BL805 BL811 BL813 DIPES TOSNU LAPIT OSPOK **,A20N,Media,DIPES1Q,LEBL-24L
766,KLM88T,02/05/2023 15:21:55,DR24LB F34BL PERAL BL801 BL802 BL803 DUQQI BL815 BL816 OLOXO **,B738,Media,OLOXO1Q,LEBL-24L
767,VLG2QL,02/05/2023 15:26:27,DR24LB F34BL BL800 BL805 BL811 BL813 DIPES TOSNU LAPIT OSPOK **,A319,Media,DIPES1Q,LEBL-24L
768,BAW407B,02/05/2023 15:27:47,DR24LB F34BL PERAL BL801 BL802 BL803 DUQQI VIBOK NATPI **,A320,Media,NATPI2Q,LEBL-24L
769,VLG7ZP,02/05/2023 15:30:23,DCT DR24LB DCT F34BL DCT BL800 DCT NITBA DCT BL804 DCT BL807 DCT 4056N00124E 012(BL808) 017(LOTOS) 4024N00045E DCT 4020N00040E/N0451F350 005(TORDU) 022(DIKUT) 015(SOPET) 030(VLC) 021(SERRA) ASTRO POBOS XEBAR YES MAMIS BAZAS VIBAS MGA BRIKE VJF TAVSI RUNAX **,A321,Media,-,LEBL-24L
770,DLH12N,02/05/2023 15:31:39,DR24LB F34BL BL800 BL805 BL812 DALIN PIVUS DIBER **,A333,Pesada,DALIN4Q,LEBL-24L
771,VLG96SC,02/05/2023 15:34:35,DR24LB F34BL PERAL BL801 BL802 BL803 DUQQI BL815 BL816 OLOXO **,A20N,Media,OLOXO1Q,LEBL-24L
772,VLG228G,02/05/2023 15:35:46,DR24LB F34BL BL800 BL805 BL811 BL813 DIPES DCT TOSNU LAPIT OSPOK **,A20N,Media,DIPES1Q,LEBL-24L
773,VLG5QR,02/05/2023 15:37:16,DR24LB F34BL BL800 NITBA BL809 BL810 LARPA TOLSO LISAS IB810 ADX NEGRE OLPAM TUTOT IB911 IB912 IB913 IB930 DEMEV TIVOM OSNUK FA06IB TH06IB,A320,Media,LARPA5Q,LEBL-24L
774,RYR3YH,02/05/2023 15:42:44,DR24LB F34BL BL800 BL805 BL812 DALIN PIVUS DIBER **,B738,Media,DALIN4Q,LEBL-24L
775,VLG898P,02/05/2023 15:48:46,DCT DR24LB DCT F34BL DCT BL800 DCT NITBA DCT BL804 DCT BL807 DCT BL808 DCT 4046N00103E 012(LOTOS) 025(TORDU) 021(DIKUT) 014(SOPET) 029(VLC) 021(SERRA) ASTRO DCT POBOS DCT XEBAR DCT YES BLN CDB BETIX ZL002 TENDU IF09ZL FA09ZL TH09ZL,A320,Media,-,LEBL-24L
776,RYR55BR,02/05/2023 15:50:37,DCT DR24LB DCT F34BL DCT BL800 DCT NITBA DCT BL804 DCT BL807 DCT BL808 DCT 4042N00103E 009(LOTOS) 4018N00032E DCT 4006N00019E 005(DIKUT) 014(SOPET) 031(VLC) 028(BEGOX) 022(NARGO) RESTU DOSEK AMR BOLKA GONZA BERUM **,B738,Media,-,LEBL-24L
777,VLG4QY,02/05/2023 15:57:14,DCT DR24LB DCT F34BL DCT BL800 DCT NITBA DCT BL804 DCT BL807 DCT BL808 DCT 4034N00100E/N0447F350 000(LOTOS) 025(TORDU) 022(DIKUT) 015(SOPET) 030(VLC) 021(SERRA) ASTRO DCT POBOS DCT XEBAR DCT YES DCT MAMIS DCT BAZAS DCT VIBAS DCT MGA DCT PIMOS GALTO **,A321,Media,-,LEBL-24L
778,VLG8FZ,02/05/2023 16:02:21,DR24LB F34BL BL800 BL805 BL812 DALIN PIVUS DIBER **,A320,Media,DALIN4Q,LEBL-24L
779,RYR16HM,02/05/2023 16:05:42,DR24LB F34BL BL800 NITBA BL804 BL807 BL808 LOTOS DCT 4026N00051E/N0437F370 015(TORDU) 021(DIKUT) 015(SOPET) 030(VLC) 028(BEGOX) 022(NARGO) RESTU DOSEK AMR BOLKA GONZA BERUM **,B738,Media,LOTOS5Q,LEBL-24L
780,VLG21CW,02/05/2023 16:11:04,DR24LB F34BL PERAL BL801 BL802 BL803 DUQQI VIBOK NATPI **,A20N,Media,NATPI2Q,LEBL-24L
781,VLG5BQ,02/05/2023 16:12:40,DR24LB F34BL BL800 BL805 BL811 BL827 AGENA MAROT LUMAS **,A320,Media,AGENA5Q,LEBL-24L
782,TAP1037,02/05/2023 16:13:45,DR24LB F34BL BL800 NITBA BL804 BL806 BL836 SENIA DCT DORMI CRETA NEXAS DISVU ADUXO ELROT CJN PALIO AKOKI GOTOR TLD NATPA MELON CCS **,E190,Media,SENIA5Q,LEBL-24L
783,VLG7AQ,02/05/2023 16:15:31,DR24LB F34BL BL800 NITBA BL804 BL807 BL808 LOTOS TORDU DCT 4008N00027E 012(DIKUT) 015(SOPET) 030(VLC) 021(SERRA) ASTRO POBOS XEBAR YES MAMIS BAZAS VIBAS GDA TOLSU MAR NEPUR OMSAZ IF12MG FA12MG TH12MG,A320,Media,LOTOS5Q,LEBL-24L
784,VLG8KH,02/05/2023 16:17:01,DR24LB F34BL BL800 NITBA BL809 BL810 LARPA TOLSO LISAS F33PA POS BAVUM OBUMU FA24LP TH24LP,A20N,Media,LARPA5Q,LEBL-24L
785,VLG3KP,02/05/2023 16:18:27,DR24LB F34BL PERAL BL801 BL802 BL803 DUQQI BL815 BL816 OLOXO **,A321,Media,OLOXO1Q,LEBL-24L
786,IBE30LC,02/05/2023 16:19:47,DR24LB F34BL BL800 NITBA BL804 BL806 BL836 SENIA DORMI CRETA NEXAS DISVU ADUXO MD001 SIRGU RUDBI MD570 MD575 YAYHO FA32RM TH32RM,A320,Media,SENIA5Q,LEBL-24L
787,EJU17YE,02/05/2023 16:21:08,DR24LB F34BL PERAL BL801 BL802 BL803 DUQQI BL815 BL816 OLOXO **,A319,Media,OLOXO1Q,LEBL-24L
788,VLG29AE,02/05/2023 16:23:39,DR24LB F34BL BL800 BL805 BL812 DALIN PIVUS DIBER **,A320,Media,DALIN4Q,LEBL-24L
789,VLG505P,02/05/2023 16:26:19,DR24LB F34BL PERAL BL801 BL802 BL803 DUQQI BL815 BL816 OLOXO **,A321,Media,OLOXO1Q,LEBL-24L
790,VLG36CX,02/05/2023 16:29:00,DR24LB F34BL PERAL BL801 BL802 BL803 DUQQI BL815 BL816 OLOXO **,A20N,Media,OLOXO1Q,LEBL-24L
791,S5BBG,02/05/2023 16:32:47,DCT DR24LB DCT F34BL DCT PERAL DCT 4110N00200E 002(BL801) 004(BL802) 004(BL803) 004(DUQQI) 009(VLA) 012(BL814) 4130N00059E DCT 4132N00044E 001(LRD) 016(LOBAR) 006(DIRMU) VAKIN202015 014(ELSAP) 016(YAKXU) 035(VASUM) 038(DGO) NEA NUB,C550,Ligera,-,LEBL-24L
792,VLG2WK,02/05/2023 16:37:23,DR24LB F34BL BL800 NITBA BL809 BL810 LARPA TOLSO LISAS DCT 3957N00228E 011(IB810) 011(ADX) 3932N00200E 024(NEGRE) 014(OLPAM) TUTOT DCT IB911 DCT IB912 DCT IB913 DCT IB930 DCT DEMEV DCT TIVOM DCT OSNUK DCT FA06IB DCT TH06IB DCT,A20N,Media,LARPA5Q,LEBL-24L
793,VLG1RM,02/05/2023 16:40:15,DR24LB F34BL BL800 BL805 BL812 DALIN PIVUS DIBER **,A20N,Media,DALIN4Q,LEBL-24L
794,DLH46A,02/05/2023 16:42:36,DR24LB F34BL BL800 BL805 BL811 BL827 AGENA MAROT LUMAS **,A320,Media,AGENA5Q,LEBL-24L
795,VLG9YE,02/05/2023 16:44:22,DR24LB F34BL BL800 BL805 BL812 DALIN PIVUS DIBER **,A321,Media,DALIN4Q,LEBL-24L
796,EJU63PM,02/05/2023 16:51:04,DCT DR24LB DCT F34BL DCT BL800 009(BL805) 009(BL812) 4101N00228E DCT DALIN PIVUS DIBER **,A319,Media,-,LEBL-24L
797,VLG7DE,02/05/2023 16:52:55,DCT DR24LB DCT F34BL DCT BL800 006(NITBA) 004(BL804) 015(BL807) BL808 DCT LOTOS TORDU DIKUT SOPET VLC SERRA ASTRO POBOS XEBAR YES MAMIS BAZAS VIBAS GDA TOLSU MAR NEPUR OMSAZ IF12MG FA12MG TH12MG,A320,Media,-,LEBL-24L
798,IBE30SP,02/05/2023 16:55:01,DR24LB F34BL BL800 NITBA BL804 BL806 BL836 SENIA DORMI CRETA NEXAS DISVU ADUXO MD001 SIRGU RUDBI MD570 MD575 YAYHO FA32RM TH32RM,A320,Media,SENIA5Q,LEBL-24L
799,BAW481B,02/05/2023 16:56:31,DR24LB F34BL PERAL BL801 BL802 BL803 DUQQI VIBOK NATPI **,A320,Media,NATPI2Q,LEBL-24L
800,VLG37PE,02/05/2023 16:59:42,DR24LB F34BL BL800 BL805 BL812 DALIN PIVUS DIBER **,A321,Media,DALIN4Q,LEBL-24L
801,AEA55TM,02/05/2023 17:01:23,DR24LB F34BL BL800 NITBA BL809 BL810 LARPA TOLSO LISAS F33PA POS BAVUM OBUMU FA24LP TH24LP,B738,Media,LARPA5Q,LEBL-24L
802,EJU41YV,02/05/2023 17:03:09,DR24LB F34BL BL800 BL805 BL811 BL827 AGENA DCT MAROT DCT LUMAS **,A319,Media,AGENA5Q,LEBL-24L
803,AFR26AR,02/05/2023 17:04:34,DR24LB F34BL PERAL BL801 BL802 BL803 DUQQI BL815 BL816 OLOXO **,A321,Media,OLOXO1Q,LEBL-24L
804,VLG4RP,02/05/2023 17:05:45,DR24LB F34BL BL800 BL805 BL811 BL813 DIPES TOSNU LAPIT OSPOK **,A320,Media,DIPES1Q,LEBL-24L
805,RYR5PW,02/05/2023 17:07:01,DR24LB F34BL PERAL BL801 BL802 BL803 DUQQI BL815 BL816 OLOXO **,B738,Media,OLOXO1Q,LEBL-24L
806,DCAWN,02/05/2023 17:08:36,DR24LB F34BL BL800 BL805 BL812 DALIN PIVUS DIBER **,C68A,Media,DALIN4Q,LEBL-24L
807,DLH65T,02/05/2023 17:10:27,DR24LB F34BL BL800 BL805 BL812 DALIN PIVUS DIBER **,A321,Media,DALIN4Q,LEBL-24L
808,VLG56QG,02/05/2023 17:12:08,DR24LB F34BL BL800 BL805 BL811 BL813 DIPES TOSNU LAPIT OSPOK **,A20N,Media,DIPES1Q,LEBL-24L
809,IBE2627,02/05/2023 17:13:28,DR24LB F34BL PERAL BL801 BL802 BL803 DUQQI VLA BL814 LRD LOBAR DIRMU VAKIN ELSAP YAKXU VASUM DGO RATAS NEDUS NUBLO SUSOS DCT STG DCT PASAS/H1845 **,A332,Pesada,LOBAR6Q,LEBL-24L
810,AIZ272,02/05/2023 17:18:31,DR24LB F34BL BL800 BL805 BL811 BL813 DIPES TOSNU LAPIT OSPOK **,A320,Media,DIPES1Q,LEBL-24L
811,VLG5AV,02/05/2023 17:19:26,DR24LB F34BL BL800 NITBA BL804 BL807 BL808 LOTOS TORDU DIKUT SOPET VLC VILNA IF10AL FA10AL TH10AL,A20N,Media,LOTOS5Q,LEBL-24L
812,N165SL,02/05/2023 17:21:57,DR24LB F34BL BL800 BL805 BL812 DALIN BGR KANIG **,P180,Ligera,DALIN4Q,LEBL-24L
813,VLG45HV,02/05/2023 17:23:48,DR24LB F34BL PERAL BL801 BL802 BL803 DUQQI BL815 BL816 OLOXO **,A320,Media,OLOXO1Q,LEBL-24L
814,THY6SM,02/05/2023 17:25:14,DR24LB F34BL BL800 BL805 BL811 BL813 DIPES TOSNU LAPIT OSPOK **,A333,Pesada,DIPES1Q,LEBL-24L
815,RYR3EW,02/05/2023 17:27:50,DR24LB F34BL BL800 BL805 BL811 BL827 AGENA MAROT LUMAS **,B738,Media,AGENA5Q,LEBL-24L
816,VLG1NJ,02/05/2023 17:29:36,DR24LB F34BL PERAL BL801 BL802 BL803 DUQQI BL815 BL816 OLOXO **,A320,Media,OLOXO1Q,LEBL-24L
817,RYR5BE,02/05/2023 17:33:02,DR24LB F34BL PERAL BL801 BL802 BL803 DUQQI VIBOK NATPI **,B738,Media,NATPI2Q,LEBL-24L
818,VLG17UM,02/05/2023 17:34:18,DR24LB F34BL PERAL BL801 BL802 BL803 DUQQI VIBOK NATPI **,A320,Media,NATPI2Q,LEBL-24L
819,VLG9GK,02/05/2023 17:35:43,DR24LB F34BL BL800 BL805 BL811 BL827 AGENA DCT MAROT DCT LUMAS **,A320,Media,AGENA5Q,LEBL-24L
820,VLG29DW,02/05/2023 17:38:50,DR24LB F34BL BL800 BL805 BL811 BL827 AGENA DCT MAROT DCT LUMAS **,A321,Media,AGENA5Q,LEBL-24L
821,VLG9TW,02/05/2023 17:40:35,DR24LB F34BL BL800 BL805 BL811 BL827 AGENA MAROT LUMAS **,A20N,Media,AGENA5Q,LEBL-24L
822,IBE30WR,02/05/2023 17:51:04,DR24LB F34BL BL800 NITBA BL804 BL806 BL836 SENIA DCT 4052N00040E 012(DORMI) 014(CRETA) NEXAS DISVU ADUXO MD001 SIRGU RUDBI MD570 MD575 YAYHO FA32RM TH32RM,A320,Media,SENIA5Q,LEBL-24L
823,RYR307W,02/05/2023 17:56:01,DR24LB F34BL BL800 NITBA BL809 BL810 LARPA TOLSO LISAS F33PA POS BAVUM OBUMU FA24LP TH24LP,B738,Media,LARPA5Q,LEBL-24L
824,VLG76MR,02/05/2023 17:57:57,DR24LB F34BL PERAL BL801 BL802 BL803 DUQQI VIBOK NATPI **,A320,Media,NATPI2Q,LEBL-24L
825,VLG89UQ,02/05/2023 17:59:12,DR24LB F34BL BL800 NITBA BL804 BL807 BL808 LOTOS TORDU DIKUT SOPET VLC SERRA ASTRO POBOS XEBAR YES MAMIS BAZAS VIBAS MGA BRIKE VJF TAVSI RUNAX **,A320,Media,LOTOS5Q,LEBL-24L
826,VLG3728,02/05/2023 18:01:08,DR24LB F34BL BL800 NITBA BL809 BL810 DUNES SARGO 15MHN6 TETIS F06MH BALIO IF01MH FA01MH TH01MH,A320,Media,DUNES5Q,LEBL-24L
827,RYR92TG,02/05/2023 18:09:05,DR24LB F34BL BL800 NITBA BL809 BL810 LARPA TOLSO DCT 4023N00220E 008(LISAS) 3954N00205E 009(ADX) 3943N00200E 031(NEGRE) 015(OLPAM) TUTOT DCT IB911 DCT IB912 DCT IB913 DCT IB930 DCT DEMEV DCT TIVOM DCT OSNUK DCT FA06IB DCT TH06IB DCT,B738,Media,LARPA5Q,LEBL-24L
828,VLG6FP,02/05/2023 18:13:57,DR24LB F34BL BL800 BL805 BL811 BL827 AGENA DCT MAROT DCT LUMAS **,A319,Media,AGENA5Q,LEBL-24L
829,SWR191N,02/05/2023 18:16:17,DR24LB F34BL BL800 BL805 BL812 DALIN DCT PIVUS DCT DIBER **,A320,Media,DALIN4Q,LEBL-24L
830,EWG76ZM,02/05/2023 18:18:03,DR24LB F34BL BL800 BL805 BL812 DALIN PIVUS DIBER **,A320,Media,DALIN4Q,LEBL-24L
831,ANE003,02/05/2023 18:20:14,DR24LB F34BL BL800 NITBA BL804 BL806 BL836 SENIA DORMI CRETA NEXAS DISVU ADUXO MD001 SIRGU RUDBI MD570 MD575 YAYHO FA32RM TH32RM,CRJX,Media,SENIA5Q,LEBL-24L
832,VLG7SA,02/05/2023 18:22:44,DR24LB F34BL BL800 BL805 BL811 BL827 AGENA DCT MAROT DCT LUMAS **,A320,Media,AGENA5Q,LEBL-24L
833,VLG1517,02/05/2023 18:24:25,DR24LB F34BL BL800 BL805 BL812 DALIN PIVUS DIBER **,A320,Media,DALIN4Q,LEBL-24L
834,VLG7364,02/05/2023 18:33:44,DR24LB F34BL BL800 NITBA BL804 BL807 BL808 LOTOS DCT TORDU DCT DIKUT DCT SOPET DCT VLC DCT SERRA DCT ASTRO DCT POBOS DCT XEBAR DCT YES DCT MAMIS DCT BAZAS DCT VIBAS DCT MGA DCT BRIKE VJF LINTO **,A320,Media,LOTOS5Q,LEBL-24L
835,VLG2JU,02/05/2023 18:35:09,DR24LB F34BL PERAL BL801 BL802 BL803 DUQQI VLA BL814 LRD LOBAR DIRMU VAKIN ELSAP YAKXU VASUM DGO RATAS NEDUS NUBLO SUSOS ROVAK LARVO BISMU LOMDA GALZO LRA 07LRA ENONU IF21CO FA21CO TH21CO,A20N,Media,LOBAR6Q,LEBL-24L
836,RAM961U,02/05/2023 18:38:51,DR24LB F34BL BL800 NITBA BL804 BL807 BL808 LOTOS DCT TORDU DCT 4005N00021E DCT 4001N00014E/N0452F370 000(DIKUT) 015(SOPET) 030(VLC) 021(SERRA) ASTRO DCT POBOS DCT XEBAR DCT YES DCT MAMIS DCT BAZAS DCT VIBAS DCT MGA DCT PIMOS GALTO **,B738,Media,LOTOS5Q,LEBL-24L
837,AUA34R,02/05/2023 18:40:16,DR24LB F34BL BL800 BL805 BL811 BL827 AGENA DCT MAROT DCT LUMAS **,A320,Media,AGENA5Q,LEBL-24L
838,AEA7708,02/05/2023 18:41:47,DR24LB F34BL BL800 NITBA BL804 BL806 BL836 SENIA DORMI CRETA NEXAS DISVU ADUXO MD001 SIRGU RUDBI MD570 MD575 YAYHO FA32RM TH32RM,B788,Pesada,SENIA5Q,LEBL-24L
839,EWG9SJ,02/05/2023 18:44:28,DR24LB F34BL BL800 BL805 BL811 BL827 AGENA MAROT LUMAS **,A320,Media,AGENA5Q,LEBL-24L
840,SAS51B,02/05/2023 18:45:43,DR24LB F34BL PERAL BL801 BL802 BL803 DUQQI BL815 BL816 OLOXO **,A20N,Media,OLOXO1Q,LEBL-24L
841,VLG5XA,02/05/2023 18:46:59,DR24LB F34BL BL800 NITBA BL804 BL807 BL808 LOTOS TORDU DIKUT SOPET VLC SERRA ASTRO POBOS XEBAR YES MAMIS USERA CDB BETIX ZL002 TENDU IF09ZL FA09ZL TH09ZL,A20N,Media,LOTOS5Q,LEBL-24L
842,BCS8029,02/05/2023 18:48:19,DR24LB F34BL BL800 BL805 BL812 DALIN PIVUS DIBER **,B734,Media,DALIN4Q,LEBL-24L
843,VLG37QW,02/05/2023 18:49:40,DR24LB F34BL BL800 NITBA BL809 BL810 LARPA TOLSO LISAS F33PA POS BAVUM OBUMU FA24LP TH24LP,A321,Media,LARPA5Q,LEBL-24L
844,VLG1CL,02/05/2023 18:50:45,DR24LB F34BL PERAL BL801 BL802 BL803 DUQQI VIBOK NATPI **,A320,Media,NATPI2Q,LEBL-24L
845,RYR59DM,02/05/2023 18:52:06,DR24LB F34BL BL800 BL805 BL811 BL827 AGENA MAROT LUMAS **,A320,Media,AGENA5Q,LEBL-24L
846,EZY31ZM,02/05/2023 18:53:26,DR24LB F34BL PERAL BL801 BL802 BL803 DUQQI VIBOK NATPI **,A320,Media,NATPI2Q,LEBL-24L
847,VLG7LH,02/05/2023 18:54:47,DR24LB F34BL PERAL BL801 BL802 BL803 DUQQI BL815 BL816 OLOXO **,A321,Media,OLOXO1Q,LEBL-24L
848,VLG3518,02/05/2023 18:56:27,DR24LB F34BL BL800 NITBA BL809 BL810 LARPA TOLSO LISAS IB810 ADX NEGRE OLPAM TUTOT IB911 IB912 IB913 IB930 DEMEV TIVOM OSNUK FA06IB TH06IB,A320,Media,LARPA5Q,LEBL-24L
849,UAE188,02/05/2023 18:57:43,DR24LB F34BL BL800 BL805 BL811 BL813 DIPES TOSNU LAPIT OSPOK **,B77W,Pesada,DIPES1Q,LEBL-24L
850,VLG3EB,02/05/2023 19:00:09,DR24LB F34BL BL800 NITBA BL804 BL806 BL836 SENIA DORMI CRETA NEXAS DISVU ADUXO MD001 SIRGU RUDBI MD570 MD575 YAYHO FA32RM TH32RM,A320,Media,SENIA5Q,LEBL-24L
851,WZZ012,02/05/2023 19:01:34,DR24LB F34BL BL800 BL805 BL811 BL827 AGENA MAROT LUMAS **,A21N,Media,AGENA5Q,LEBL-24L
852,RYR3185,02/05/2023 19:03:00,DR24LB F34BL BL800 NITBA BL804 BL807 BL808 LOTOS DCT 4023N00046E DCT 4018N00039E 003(TORDU) 022(DIKUT) 015(SOPET) 030(VLC) 021(SERRA) ASTRO POBOS XEBAR YES MAMIS BAZAS VIBAS MGA PIMOS GALTO **,B738,Media,LOTOS5Q,LEBL-24L
853,VLG3QJ,02/05/2023 19:04:25,DR24LB F34BL PERAL BL801 BL802 BL803 DUQQI VLA BL814 LRD GRAUS POSSY MARIO SURCO XOMBO RONNY RONKO GOSVI TURPU PPN MALOB CEGAM BLV 13BLV IF12BB FA12BB TH12BB,A320,Media,GRAUS5Q,LEBL-24L
854,VLG8AY,02/05/2023 19:05:46,DR24LB F34BL BL800 NITBA BL804 BL807 BL808 LOTOS DCT TORDU DCT 4006N00022E 008(DIKUT) 015(SOPET) 030(VLC) 021(SERRA) ASTRO DCT POBOS DCT XEBAR DCT YES DCT MAMIS DCT BAZAS DCT VIBAS DCT MGA DCT PIMOS GALTO **,A20N,Media,LOTOS5Q,LEBL-24L
855,RYR1LV,02/05/2023 19:07:31,DR24LB F34BL BL800 NITBA BL809 BL810 LARPA TOLSO LISAS F33PA POS BAVUM OBUMU FA24LP TH24LP,B738,Media,LARPA5Q,LEBL-24L
856,VLG688V,02/05/2023 19:08:47,DR24LB F34BL BL800 BL805 BL811 BL827 AGENA DCT MAROT DCT LUMAS **,A319,Media,AGENA5Q,LEBL-24L
857,VLG3PQ,02/05/2023 19:10:37,DR24LB F34BL BL800 NITBA BL804 BL806 BL836 SENIA DORMI CRETA NEXAS DISVU ADUXO ELROT CJN PALIO AKOKI GOTOR TLD NATPA MELON CCS **,A320,Media,SENIA5Q,LEBL-24L
858,RYR16LD,02/05/2023 19:11:58,DR24LB F34BL PERAL BL801 BL802 BL803 DUQQI VIBOK NATPI **,B738,Media,NATPI2Q,LEBL-24L
859,EJU74GF,02/05/2023 19:15:44,DR24LB F34BL BL800 BL805 BL812 DALIN PIVUS DIBER **,A319,Media,DALIN4Q,LEBL-24L
860,RYR48RQ,02/05/2023 19:17:30,DR24LB F34BL BL800 BL805 BL811 BL827 AGENA MAROT LUMAS **,B738,Media,AGENA5Q,LEBL-24L
861,VLG6DT,02/05/2023 19:19:41,DR24LB F34BL BL800 NITBA BL809 BL810 DUNES SARGO 15MHN6 TETIS F06MH BALIO IF01MH FA01MH TH01MH,A20N,Media,DUNES5Q,LEBL-24L
862,IBE3041,02/05/2023 19:21:21,DR24LB F34BL BL800 NITBA BL804 BL806 BL836 SENIA DORMI CRETA NEXAS DISVU ADUXO MD001 SIRGU RUDBI MD570 MD575 YAYHO FA32RM TH32RM,A320,Media,SENIA5Q,LEBL-24L
863,AFR68FK,02/05/2023 19:24:23,DR24LB F34BL PERAL BL801 BL802 BL803 DUQQI BL815 BL816 OLOXO **,A320,Media,OLOXO1Q,LEBL-24L
864,BAW487,02/05/2023 19:29:25,DR24LB F34BL PERAL BL801 BL802 BL803 DUQQI VIBOK NATPI **,A320,Media,NATPI2Q,LEBL-24L
865,TAP45LV,02/05/2023 19:31:00,DR24LB F34BL BL800 NITBA BL804 BL806 BL836 SENIA DORMI CRETA NEXAS DISVU ADUXO ELROT CJN PALIO AKOKI GOTOR TLD NATPA MELON CCS **,A20N,Media,SENIA5Q,LEBL-24L
866,BEL7JN,02/05/2023 19:33:01,DR24LB F34BL PERAL BL801 BL802 BL803 DUQQI BL815 BL816 OLOXO **,A319,Media,OLOXO1Q,LEBL-24L
867,VLG5NZ,02/05/2023 19:38:12,DR24LB F34BL BL800 NITBA BL809 BL810 LARPA TOLSO LISAS F33PA POS BAVUM OBUMU FA24LP TH24LP,A321,Media,LARPA5Q,LEBL-24L
868,RYR7509,02/05/2023 19:40:03,DR24LB F34BL BL800 NITBA BL809 BL810 DUNES SARGO 15MHN6 TETIS F06MH BALIO IF01MH FA01MH TH01MH,B738,Media,DUNES5Q,LEBL-24L
869,RYR56MP,02/05/2023 19:51:12,DR24LB F34BL BL800 BL805 BL811 BL827 AGENA MAROT LUMAS **,B38M,Media,AGENA5Q,LEBL-24L
870,VLG9ZA,02/05/2023 19:53:02,DR24LB F34BL PERAL BL801 BL802 BL803 DUQQI VLA BL814 LRD GRAUS POSSY MARIO SURCO XOMBO RONNY RONKO GOSVI TURPU PPN MALOB CEGAM BLV 13BLV IF12BB FA12BB TH12BB,A320,Media,GRAUS5Q,LEBL-24L
871,VLG3CP,02/05/2023 20:00:15,DR24LB F34BL BL800 BL805 BL811 BL813 DIPES TOSNU LAPIT OSPOK **,A320,Media,DIPES1Q,LEBL-24L
872,WMT424,02/05/2023 20:02:26,DR24LB F34BL BL800 BL805 BL811 BL813 DIPES DCT TOSNU LAPIT OSPOK **,A320,Media,DIPES1Q,LEBL-24L
873,RYR33JW,02/05/2023 20:05:47,DR24LB F34BL PERAL BL801 BL802 BL803 DUQQI BL815 BL816 OLOXO **,B738,Media,OLOXO1Q,LEBL-24L
874,VLG4LJ,02/05/2023 20:07:12,DR24LB F34BL PERAL BL801 BL802 BL803 DUQQI VIBOK NATPI **,A320,Media,NATPI2Q,LEBL-24L
875,BCS8031,02/05/2023 20:08:38,DR24LB F34BL BL800 BL805 BL812 DALIN PIVUS DIBER **,B752,Pesada,DALIN4Q,LEBL-24L
876,AEA70JK,02/05/2023 20:11:14,DR24LB F34BL BL800 NITBA BL809 BL810 LARPA TOLSO LISAS F33PA POS BAVUM OBUMU FA24LP TH24LP,B738,Media,LARPA5Q,LEBL-24L
877,VLG5UY,02/05/2023 20:20:17,DR24LB F34BL BL800 NITBA BL804 BL807 BL808 LOTOS TORDU DIKUT SOPET VLC SERRA ASTRO POBOS XEBAR YES MAMIS USERA CDB BETIX ZL002 TENDU IF09ZL FA09ZL TH09ZL,A320,Media,LOTOS5Q,LEBL-24L
878,EZY64WK,02/05/2023 20:21:43,DR24LB F34BL PERAL BL801 BL802 BL803 DUQQI VIBOK NATPI **,A319,Media,NATPI2Q,LEBL-24L
879,DAH2015,02/05/2023 20:26:04,DCT DR24LB DCT F34BL DCT BL800 DCT NITBA DCT BL809 DCT BL810 DCT 4040N00220E 002(LARPA) 007(TOLSO) 018(LISAS) 047(MJV) 025(OSGAL) 045(GENIO) BUYAH **,A332,Pesada,-,LEBL-24L
880,BCS8049,02/05/2023 20:31:01,DR24LB F34BL PERAL BL801 BL802 BL803 DUQQI BL815 BL816 OLOXO **,B752,Pesada,OLOXO1Q,LEBL-24L
881,VLG8JY,02/05/2023 20:33:21,DR24LB F34BL BL800 NITBA BL804 BL807 BL808 LOTOS TORDU DCT 4008N00018E DCT 4007N00015E 004(DIKUT) 014(SOPET) 030(VLC) VILNA DCT IF10AL DCT FA10AL DCT TH10AL DCT,A320,Media,LOTOS5Q,LEBL-24L
882,RYR7B,02/05/2023 20:34:22,DR24LB F34BL BL800 BL805 BL811 BL813 DIPES TOSNU LAPIT OSPOK **,B738,Media,DIPES1Q,LEBL-24L
883,VLG7ZR,02/05/2023 20:35:47,DR24LB F34BL BL800 NITBA BL804 BL807 BL808 LOTOS TORDU DIKUT SOPET VLC SERRA ASTRO POBOS XEBAR YES MAMIS BAZAS VIBAS GDA TOLSU MAR NEPUR IF13MG FA13MG TH13MG,A320,Media,LOTOS5Q,LEBL-24L
884,RYR4UN,02/05/2023 20:37:48,DR24LB F34BL BL800 NITBA BL804 BL806 BL836 SENIA DORMI CRETA NEXAS DISVU ADUXO ELROT CJN PALIO AKOKI GOTOR TLD BARDI **,B738,Media,SENIA5Q,LEBL-24L
885,ELY392,02/05/2023 20:39:48,DR24LB F34BL BL800 BL805 BL811 BL813 DIPES TOSNU LAPIT OSPOK **,B739,Media,DIPES1Q,LEBL-24L
886,WMT9VD,02/05/2023 20:43:14,DR24LB F34BL BL800 BL805 BL811 BL827 AGENA MAROT LUMAS **,A20N,Media,AGENA5Q,LEBL-24L
887,VLG41YG,02/05/2023 20:44:25,DR24LB F34BL BL800 NITBA BL809 BL810 LARPA TOLSO LISAS F33PA POS BAVUM OBUMU FA24LP TH24LP,A320,Media,LARPA5Q,LEBL-24L
888,TAP1043,02/05/2023 20:46:25,DR24LB F34BL BL800 NITBA BL804 BL806 BL836 SENIA DCT DORMI CRETA NEXAS DISVU ADUXO ELROT CJN PALIO AKOKI GOTOR TLD NATPA MELON CCS **,CRJ9,Media,SENIA5Q,LEBL-24L
889,BCS463,02/05/2023 20:47:41,DR24LB F34BL BL800 BL805 BL811 BL827 AGENA MAROT LUMAS **,B734,Media,AGENA5Q,LEBL-24L
890,UPS243,02/05/2023 20:50:27,DR24LB F34BL BL800 BL805 BL812 DALIN PIVUS DIBER **,B763,Pesada,DALIN4Q,LEBL-24L
891,WMT5SY,02/05/2023 20:53:33,DCT DR24LB DCT F34BL DCT BL800 DCT BL805 DCT BL811 DCT BL813 DCT 4105N00320E DCT 4104N00323E/N0436F320 007(DIPES) 012(TOSNU) 030(LAPIT) OSPOK **,A21N,Media,-,LEBL-24L
892,EJU67YR,02/05/2023 21:04:06,DR24LB F34BL BL800 NITBA BL804 BL806 BL836 SENIA DORMI CRETA NEXAS DISVU ADUXO ELROT CJN PALIO AKOKI GOTOR TLD NATPA MELON CCS **,A21N,Media,SENIA5Q,LEBL-24L
893,RYR46FX,02/05/2023 21:07:16,DR24LB F34BL BL800 BL805 BL811 BL827 AGENA MAROT LUMAS **,B38M,Media,AGENA5Q,LEBL-24L
894,VLG7844,02/05/2023 21:12:58,DCT DR24LB DCT F34BL DCT BL800 DCT BL805 DCT BL811 DCT BL813 DCT 4105N00320E 009(DIPES) 4101N00332E/N0440F320 012(TOSNU) 030(LAPIT) OSPOK **,A320,Media,-,LEBL-24L
895,FDX6372,02/05/2023 21:14:14,DR24LB F34BL PERAL BL801 BL802 BL803 DUQQI BL815 BL816 OLOXO **,B752,Pesada,OLOXO1Q,LEBL-24L
896,SWN6LC,02/05/2023 21:21:11,DR24LB F34BL BL800 BL805 BL812 DALIN BGR KANIG **,B738,Media,DALIN4Q,LEBL-24L
897,EIN56V,02/05/2023 21:24:01,DR24LB F34BL PERAL BL801 BL802 BL803 DUQQI VIBOK NATPI **,A320,Media,NATPI2Q,LEBL-24L
898,AAR512,02/05/2023 21:30:54,DR24RB BL831 DUQQI BL815 BL824 BL826 BL827 DIPES TOSNU LAPIT DCT OSPOK **,B772,Pesada,DIPES1D,LEBL-24R
899,HAT6129,02/05/2023 21:34:55,DR24LB F34BL PERAL BL801 BL802 BL803 DUQQI VLA BL814 LRD GRAUS POSSY MARIO SURCO XOMBO RONNY RONKO GOSVI TURPU PPN 08PPN IF33PP PAP TH33PP,B737,Media,GRAUS5Q,LEBL-24L
900,VLG606P,02/05/2023 21:38:31,DCT DR24LB DCT F34BL DCT BL800 DCT BL805 DCT BL811 DCT BL813 024(DIPES) 012(TOSNU) 030(LAPIT) OSPOK **,A20N,Media,-,LEBL-24L
901,RYR7WN,02/05/2023 21:42:42,DR24LB F34BL PERAL BL801 BL802 BL803 DUQQI VIBOK NATPI **,A320,Media,NATPI2Q,LEBL-24L
902,WZZ8QQ,02/05/2023 21:55:52,DR24LB F34BL BL800 BL805 BL811 BL813 DIPES TOSNU LAPIT OSPOK **,A21N,Media,DIPES1Q,LEBL-24L
903,IBE2601,02/05/2023 23:52:37,DR06RB F01BL BL700 BL720 TASOS BL721 F31BL LOTOS TORDU DCT 4001N00025E 005(DIKUT) 015(SOPET) 030(VLC) 028(BEGOX) 022(NARGO) RESTU DOSEK DCT AMR DCT BOLKA GONZA BERUM **,A332,Pesada,LOTOS3R,LEBL-06R
